node_id,skill_tag,question,question_type,difficulty,answer_key
,计算机网络,什么？三次握⼿过程中可以携带数据吗？,technical,easy,"客户端和服务器之间进⾏ HTTP请求和 HTTP响应的过程中，需要建⽴起 TCP连接， TCP连接需要进⾏三次握⼿（具
体内容在后⾯章节中讲解）。
4. 第四步：浏览器发送 HTTP/HTTPS 请求到 web服务器"
,计算机网络,DNS是什么,technical,easy,"DNS（Domain Name System ） 是⼀种⽤于将域名（例如 www.baidu.com ）转换为 IP地址（例如
220.181.111.188  ）的分布式系统。在互联⽹上，计算机和其他⽹络设备使⽤ IP地址来相互识别和通信。然⽽，
IP地址是⼀串数字，不太⽅便⼈们使⽤和记忆，所以就使⽤了域名来代替复杂的 IP地址"
,计算机网络,"对服务器发起请求 , 所以这⾥有⼀个巨⼤的漏洞： “如果我本地时间不准咋办？ ”正是因为这个原因，该字段⽬",technical,hard,"前已经基本上被废弃了。
Cache-Control 强缓存  ： http1.1 中增加该字段，只要在资源的响应头上写上需要缓存多久就好了，单位是
秒。  Cache-Control:max -age=N , 有max-age、s-maxage 、no-cache、no-store、private、public这
六个属性。
max-age 决定客户端资源被缓存多久。
s-maxage 决定代理服务器缓存的时⻓。
no-cache 表示是强制进⾏协商缓存。
no-store 是表示禁⽌任何缓存策略。
public 表示资源既可以被浏览器缓存也可以被代理服务器缓存。
private 表示资源只能被浏览器缓存，默认为 private
具体的流程如下：
当浏览器第⼀次请求访问服务器资源时，服务器会在返回这个资源的同时，在  Response  头部加上  Cache -
Control，Cache -Control  中设置了过期时间⼤⼩；
浏览器再次请求访问服务器中的该资源时，会先 通过请求资源的时间与  Cache -Control  中设置的过期时间⼤
⼩，来计算出该资源是否过期 ，如"
,计算机网络,改成⾃⼰的公钥，这⼜该怎么办呢？这就需要使⽤到数字证书。,technical,hard,"1. 密钥⽣成 ：
⾸先，实体（例如服务器、个⼈或组织） 需要⽣成⼀对密钥：公钥和私钥。
公钥是⽤于加密和验证的，可以被公开分享。
私钥⽤于解密和签名，必须保密，只有持有者知道。
2. 证书请求（ CSR - Certificate  Signing  Request ）：
实体⽣成⼀个证书请求，其中包含公钥、实体信息（如名称、电⼦邮件等） 和签名。
CSR是⼀个包含有关实体信息的⽂本块，可以被发送到  数字证书颁发机构（ CA） 以获取数字证书。
3. 证书颁发 ：
实体将证书请求发送给数字证书颁发机构（ CA）。
CA会验证请求者的身份，然后使⽤⾃⼰的私钥对请求中的信息进⾏签名，⽣成数字证书。
数字证书包括公钥、实体信息、 CA的信息和签名等内容。
4. 证书验证 ：
当实体收到数字证书时，它可以使⽤ CA的公钥验证证书的签名，确保证书未被篡改且由合法的 CA签发。
接收者可以检查证书中的实体信息以及 CA的信息，确保证书的合法性。
5. 数字证书使⽤ ：
接收者可以使⽤数字证书中的公钥来加密数据，然后发送给证书的持有者。
持有者使⽤私钥解密数据，保护数据的机密性。
持有者还可以使"
,计算机网络,三次握⼿的过程,technical,hard,"TCP 是⾯向连接的协议，所以使⽤  TCP 前必须先建⽴连接，⽽建⽴连接是通过三次握⼿来进⾏的。
server_isn + 1
1、第⼀次握⼿： SYN报⽂：
客户端随机初始化序列号 client_isn  ，放进 TCP⾸部序列号段，然后把 SYN置1。把SYN报⽂发送给服务端，表示
发起连接，之后客户端处于 SYN-SENT 状态。
2、第⼆次握⼿： SYN+ACK 报⽂：
服务端收到客户端的 SYN报⽂之后，会把⾃⼰随机初始化的序号  server_isn  放进TCP⾸部序列号段，「 确认应答
号」填⼊client_isn  + 1 ，把SYN和ACK标志位置为 1。把SYN+ACK 报⽂发送给客户端，然后进⼊  SYN-RCVD 状
态,表示服务器接受了客户端的请求，并希望建⽴连接。
3、第三次握⼿： ACK报⽂：
客户端收到服务端报⽂后，还要向服务端回应 最后⼀个应答报⽂ 。⾸先该应答报⽂  TCP ⾸部  ACK 标志位置为  1 ，
其次「确认应答号 」字段填 ⼊ ，最后把报⽂发送给服务端， 这次报⽂可以携带客户到服务器 的
数据，之后客户端处于 ESTABLISHE"
,计算机网络,什么是半连接队列,technical,easy,"半连接队列（ SYN队列）⽤于存放已经发送了  SYN（同步） 包，但还未完成三次握⼿的连接：服务器第⼀次收到客
户端的  SYN 之后，就会处于   SYN_RCVD  状态，此时双⽅还没有完全建⽴其连接，服务器会把此种状态下请求连接
放在⼀个 队列⾥，我们把这种队列称之为 半连接队列 。
全连接队列（ Accept队列）⽤于存放已经完成三次握⼿，处于完全建⽴连接状态的连接。"
,计算机网络,什么是 SYN攻击,technical,easy,"在 SYN 攻击中，攻击者发送⼤量伪造的  SYN 请求到⽬标服务器，但不完成后续的握⼿过程，从⽽让服务器⼀直等
待确认，消耗服务器的资源（如半连接队列和系统资源），当半连接队列满了之后，后续再收到 SYN报⽂就会丢弃，
导致⽆法与客户端之间建⽴连接。"
,计算机网络,四次挥⼿的过程,technical,easy,"在挥⼿之前，客户端和服务器都处于 ESTABLISHED  状态
1. 第⼀次挥⼿：假设客户端打算关闭连接，发送⼀个 TCP⾸部FIN被置1的FIN 报⽂给服务端 , 此时客户端处于"
,计算机网络,为什么挥⼿需要四次,technical,medium,"关闭连接时，客户端发送 FIN报⽂，表示其不再发送数据， 但还可以接收数据 。
服务端收到 FIN报⽂，可以直接发送 SYN+AC K报⽂。其中 ACK报⽂是⽤来应答的， SYN报⽂是⽤来同步的。但是关
闭连接时，服务端可能还要数据需要处理和发送，所以先回⼀个 ACK应答报⽂，等到其不再发送数据时，才发送
FIN报⽂给客户端表示同意关闭连接。
从上⾯过程可知：服务端通常需要等待完成数据的发送和处理， 所以服务端的 ACK和FIN⼀般都会分开发送 ，从⽽
⽐三次握⼿导致多了⼀次。"
,计算机网络,为什么需要  TIME_WAIT  状态,technical,hard,"主动发起关闭连接的⼀⽅，才会有  TIME -WAIT 状态。
需要  TIME -WAIT 状态，主要是两个原因：
1. 防⽌历史连接中的数据，被后⾯相同四元组的连接错误的接收；
如果⽹络出现拥塞或延迟，数据包可能会在⽹络中滞留⼀段时间，甚⾄超过了原始连接关闭的时间。如果没有
TIME_WAIT 状态，客户端直接进⼊到 CLOSE状态，这些滞留的数据包可能会被传递给新连接，导致新连接的数据
被旧连接的数据⼲扰。
经过  2MSL 这个时间， ⾜以让两个⽅向上的数据包都被丢弃，使得原来连接的数据包在⽹络中都⾃然消失，再出现
的数据包⼀定都是新建⽴连接所产⽣的。
2. 保证「被动关闭连接」的⼀⽅能被正确的关闭，即保证最后的  ACK 能让被动关闭⽅接收，从⽽帮助其正常关
闭
如果最后的⼀次 ACK报⽂丢失（第四次挥⼿）， 客户端没有 TIME_WAIT  状态，直接进⼊ ClOS E，服务端⼀直在等待
ACK状态，⼀直没有等到，就会重发 FIN报⽂，⽽客户端已经进⼊到关闭状态，在收到服务端重传的  FIN 报⽂后，
就会回  RST 报⽂ ,服务端收到这个  RST 并将其解释为⼀个错误"
,计算机网络,为什么  TIME_WAIT  等待的时间是  2MSL,technical,medium,"1. MSL是 Maximum Segment Lifetime  ，报⽂最⼤⽣存时间，它是任何报⽂在⽹络上存在的最⻓时间，超过这
个时间报⽂将被丢弃。
2. 等待MSL两倍：⽹络中可能存在发送⽅的数据包，当这些发送⽅的数据包被接收⽅处理后⼜会向对⽅发送响
应，所以⼀来⼀回需要等待  2 倍的时间。
3. 1 个 MSL 确保四次挥⼿中主动关闭⽅最后的  ACK 报⽂最终能达到对端； 1 个 MSL 确保对端没有收到  ACK 重
传的  FIN 报⽂可以到达。
4. 2MSL  的时间是从客户端接收到  FIN 后发送  ACK 开始计时的。如果在  TIME -WAIT  时间内，因为客户端的  ACK
没有传输到服务端，客户端⼜接收到了服务端重发的  FIN 报⽂，那么  2MSL  时间将重新计时。"
,计算机网络,TIME_WAIT   过多有什么危害？,technical,easy,"过多的 TIME -WAIT  状态主要的危害有两种：
1. 内存资源占⽤；
2. 对端⼝资源的占⽤，⼀个  TCP 连接⾄少消耗⼀个本地端⼝；
如果发起连接⼀⽅的   TIME_WAIT 状态过多，占满了所有端⼝资源，则会导致⽆法创建新连接。"
,计算机网络,(i)如何划分⽹络号和主机号呢？,technical,easy,"表示形式  a.b.c.d/x  ，其中  /x 表示前  x 位属于⽹络号，  x 的范围是  0 ~ 32 ，这就使得  IP 地址更加具有灵活性。
还有另⼀种划分⽹络号与主机号形式，那就是⼦⽹掩码，掩码的意思就是掩盖掉主机号，剩余的就是⽹络号。
将⼦⽹掩码和  IP 地址按位计算  AND，就可得到⽹络号。"
,计算机网络,（ii） 为什么要分离⽹络号和主机号？,technical,easy,"因为两台计算机要通讯，⾸先要判断是否处于同⼀个⼴播域内，即⽹络地址是否相同。如果⽹络地址相同，表明接
受⽅在本⽹络上，那么可以把数据包直接发送到⽬标主机。
路由器寻址⼯作中，也就是通过这样的⽅式来找到对应的⽹络号的，进⽽把数据包转发给对应的⽹络内。"
,计算机网络,（iii） 如何进⾏⼦⽹划分？,technical,medium,"通过⼦⽹掩码划分出⽹络号和主机号，那实际上⼦⽹掩码还有⼀个作⽤，那就是划分⼦⽹。
⼦⽹划分实际上是将主机地址分为两个部分：⼦⽹⽹络地址和⼦⽹主机地址。形式如下：
假设对  C 类地址进⾏⼦⽹划分，⽹络地址  192.168.1.0 ，使⽤⼦⽹掩码  255.255.255.192  对其进⾏⼦⽹划分。
C 类地址中前  24 位是⽹络号，最后  8 位是主机号，根据⼦⽹掩码可知从  8 位主机号中借⽤  2 位作为⼦⽹号（ 对应
4个⼦⽹） 。
划分后的 4个⼦⽹如下："
,计算机网络,那么公有 IP地址由谁管理呢？,technical,easy,"私有  IP 地址通常是内部的  IT ⼈员管理，公有  IP 地址是由  ICANN  组织管理，中⽂叫「互联⽹名称与数字地址分配
机构」。  IANA  是 ICANN  的其中⼀个机构，它负责分配互联⽹  IP 地址，是按州的⽅式层层分配。"
,计算机网络,ARP是如何知道对⽅的 MAC地址的呢？ ARP 是借助  ARP 请求与  ARP 响应两种类型的包确定  MAC  地址的。,technical,medium,"主机会通过⼴播发送  ARP 请求，这个包中包含了想要知道的  MAC  地址的主机  IP 地址。
当同个链路中的所有设备收到  ARP 请求时，会去拆开  ARP 请求包⾥的内容，如果  ARP 请求包中的⽬标  IP 地址与
⾃⼰的  IP 地址⼀致，那么这个设备就将⾃⼰的  MAC  地址塞⼊  ARP 响应包返回给主机。
操作系统通常会把第⼀次通过  ARP 获取的  MAC  地址缓存起来，以便下次直接从缓存中找到对应  IP 地址的  MAC  地
址。  不过， MAC  地址的缓存是有⼀定期限的，超过这个期限，缓存的内容将被清除。"
,计算机网络,络 都要配⼀个  DHCP 服务器？,technical,medium,"为了解决这⼀问题，就出现了  DHCP  中继代理。有了  DHCP  中继代理以后，对不同⽹段的  IP 地址分配也  可以由⼀
个 DHCP 服务器统⼀进⾏管理。
DHCP  客户端会向  DHCP  中继代理发送  DHCP  请求包，⽽  DHCP  中继代理在收到这个⼴播包以后，再以单播的形
式发给  DHCP 服务器。
服务器端收到该包以后再向  DHCP  中继代理返回应答，并由  DHCP  中继代理将此包⼴播给  DHCP  客户端  。
因此， DHCP 服务器即使不在同⼀个链路上也可以实现统⼀分配和管理 IP地址。"
,计算机网络,那不是  N 个私有  IP 地址，你就要  N 个公有  IP 地址？这怎么就缓解了  IPv4 地址耗尽的问题？这不瞎扯吗？,technical,medium,"确实是，普通的  NAT 转换没什么意义。  由于绝⼤多数的⽹络应⽤都是使⽤传输层协议  TCP 或 UDP  来传输数据
的。  因此，可以把  IP 地址  + 端⼝号⼀起进⾏转换。  这样，就⽤⼀个全球  IP 地址就可以了，这种转换技术就叫⽹
络地址与端⼝转换  NAPT。
来看看下⾯的图解：
图中有两个客户端  192.168.1.10  和 192.168.1.11  同时与服务器  183.232.231.172  进⾏通信，并且这两个客户端的
本地端⼝都是  1025。 此时，两个私有  IP 地址都转换  IP 地址为公有地址  120.229.175.121 ，但是以不同的端⼝号
作为区分。
于是，⽣成⼀个  NAPT  路由器的转换表，就可以正确地转换地址跟端⼝的组合，令客户端  A、B 能同时与服务器之
间进⾏通信。  这种转换表在  NAT 路由器上⾃动⽣成。例如，在  TCP 的情况下，建⽴  TCP 连接⾸次握⼿时的  SYN
包⼀经发出，  就会⽣成这个表。⽽后⼜随着收到关闭连接时发出  FIN 包的确认应答从表中被删除。"
,计算机网络,主机不能收到数组包，怎么管理是否是在⼀组呢？,technical,medium,"那么，就需要  IGMP  协议了。
IGMP   是因特⽹组管理协议，⼯作在主机（组播成员） 和最后⼀跳路由之间，如上图中的蓝⾊部分。
IGMP 报⽂向路由器申请加⼊和退出组播组，默认情况下路由器是不会转发组播包到连接中的主机，除⾮主机通过
IGMP  加⼊到组播组，主机申请加⼊到组播组时，路由器就会记录  IGMP  路由器表，路由器后续就会转  发组播包到 对
应的主机了。
IGMP  报⽂采⽤  IP 封装， IP 头部的协议号为  2，⽽且  TTL 字段值通常为  1，因为  IGMP  是⼯作在主机与连接的路由
器之间。"
,计算机网络,数据包表示： “DNS    ⽼⼤哥厉害呀，找到了⽬的地了！我还是很迷茫呀，我要发出去，接下来我需要谁的帮助呢 ?”,technical,medium,"Socket
通过  DNS 获取到  IP 后，就可以把  HTTP 的传输⼯作交给操作系统中的协议栈。协议栈的内部分为⼏个部分，分别
承担不同的⼯作。上下关系是有⼀定的规则的，上⾯的部分会向下⾯的部分委托⼯作，下⾯的部分收到委托的⼯作
并执⾏。
应⽤程序（浏览器）通过调 ⽤ 库，来委托协议栈⼯作。协议栈的上半部分有两块，分别是负责收发数据 的
TCP 和 UDP 协议，它们两会接受应⽤层的委托执⾏收发数据的操作。
协议栈的下⾯⼀半是⽤  IP 协议控制⽹络包收发操作，在互联⽹上传数据时，数据会被切分成⼀块块的⽹络包，⽽
将⽹络包发送给对⽅的操作就是由  IP 负责的。  此外  IP 中还包括  ICMP 协议和  ARP 协议。
ICMP   ⽤于告知⽹络包传送过程中产⽣的错误以及各种控制信息"
,计算机网络,就会有多个  IP 地址，那  IP 头部的源地址应该选择哪个  IP 呢？,technical,medium,"当存在多个⽹卡时，在填写源地址  IP 时，就需要判断到底应该填写哪个地址。这个判断相当于在多块⽹卡中判断
应该使⽤哪个⼀块⽹卡来发送包。这个时候就需要根据路由表规则，来判断哪⼀个⽹卡作为源地址  IP。
在 Linux  操作系统，我们可以使⽤  route  -n 命令查看当前系统的路由表。
第三条⽬⽐较特殊，它⽬标地址和⼦⽹掩码都是   0.0.0.0   ，这表示默认⽹关，如果其他所有条⽬都⽆法匹配，就会
⾃动匹配这⼀⾏。并且后续就把包发给路由器， Gateway  即是路由器的  IP 地址。"
,计算机网络,能⼒！不会害怕在浩瀚的互联⽹迷茫了！可是⽬的地好远啊，我下⼀站应该去哪呢？ ”,technical,easy,⽣成了  IP 头部之后，接下来⽹络包还需要在  IP 头部的前⾯加上  MAC  头部。
,计算机网络,tcpdump 和Wireshark ，那这两者有什么区别呢？,technical,easy,"两者经常搭配使⽤，先⽤  tcpdump 命令在  Linux 服务器上抓包（保存成 .pcap后缀格式的⽂件）， 接着把抓包的⽂
件拖出到 Windows 电脑后，⽤  Wireshark 可视化分析。"
,计算机网络,若TIME_WAIT 等待时间过短，被延迟的数据包抵达后会发⽣什么呢？,technical,medium,"TIME_WAIT 设计为 2MSL，⾜以让两个⽅向上的数据包都被丢弃，使得原来连接的数据包在⽹络中都⾃然消失，再
出现的数据包⼀定都是新建⽴连接所产⽣的。
注：
MSL 全称是  Maximum Segment Lifetime，它定义了⼀个报⽂在⽹络中的最⻓⽣存时间（ 报⽂每经过⼀次路由器
的转发， IP 头部的  TTL 字段就会减  1，减到  0 时报⽂  就被丢弃，这就限制了报⽂的最⻓存活时间）。"
,计算机网络,什么是协议⻆度理解的安全可控呢？,technical,medium,"主要有两点：
（1） 只适⽤于连接发起⽅，也就是  C/S 模型中的客户端；
（2） 对应的  TIME_WAIT  状态的连接创建时间超过  1 秒才可以被复⽤。
使⽤这个选项，还有⼀个前提，需要打开对  TCP 时间戳的⽀持（ 对⽅也要打开  ）。
由于引⼊了时间戳，带来了⼀些好处：
1. 我们在前⾯提到的  2MSL  问题就不复存在了 ，因为᯿复的数据包会因为时间戳过期被⾃然丢弃 ；
2. 同时，它还可以防⽌序列号绕回 ，也是因为 ᯿复的数据包会由于时间戳过期被⾃然丢弃 。
时间戳是在  TCP 的选项字段⾥定义的，开启了时间戳功能，在  TCP 报⽂传输的时候会带上发送报⽂的时间戳。"
,计算机网络,从输⼊ URL到⻚⾯展示发⽣了什么？,technical,hard,"1. URL 输⼊：⽤户在浏览器的地址栏中输⼊   URL，例如   ""https:// www.example.com ""。
2. 域名解析 ：浏览器通过域名系统（ DNS）将域名解析为   IP 地址，以确定要连接的服务器位置。
3. 建⽴连接 ：浏览器使⽤解析得到的  IP 地址，与服务器建⽴⽹络连接。这通常涉及使⽤  TCP 协议进⾏三次握
⼿。
4. 发送请求 ：浏览器向服务器发送   HTTP   请求，请求服务器的⽹⻚内容。请求中包含了要访问的路径、⽅法
（GET、POST等）、头部信息等。
5. 服务器处理 ：服务器接收到请求后，根据请求的内容和路径，处理请求并返回响应。服务器可能从数据库中获
取数据，⽣成动态内容，然后将响应发送回浏览器。
6. 接收响应 ：浏览器接收到服务器的响应，响应包含了  HTTP  状态码、头部信息和⻚⾯内容等。
7. 解析和渲染 ：浏览器开始解析响应内容，构建⽂档对象模型（ DOM）和渲染树。它解析  HTML、CSS 和
JavaScript ，并确定⻚⾯的结构、样式和⾏为。
8. ⻚⾯渲染 ：浏览器使⽤渲染树和样式信息，将⻚⾯内容绘制到"
,计算机网络,<协议>：//<主机>：<端⼝>/<路径>?<参数>,technical,hard,"Host: example.com
User-Agent: Mozilla/5.0 (Windows NT 10.0; Win64;  x64) AppleWebKit/537.36 (KHTML, like
Gecko) Chrome/88.0.4324.96 Safari/537.36
Accept:
text/html,application/xhtml+xml,application/xml;q=0.9,image/avif,image/webp,image/apng,
*/*;q=0.8
Content-Type: application/json
Authorization: Bearer <token>
GET /example/index.html  HTTP/1.1
Host: example.com
User-Agent: Mozilla/5.0 (Windows NT 10.0; Win64; x64) AppleWebKit/537.36 (KHTML, like
Gecko) Chrome/88.0.4324.96 Safari/537.36
Accept:
"
,计算机网络,分属于两个不同⻚⾯的包，被合并在了⼀起，那客户那边如何区分它们呢？ 这就是粘包问题。,technical,hard,"从粘包问题我们更可以看出为什么 tcp被称为流协议，因为它就跟⽔流⼀样，是没有边界的，没有消息的边界
保护机制，所以 tcp只有流的概念，没有包的概念 。
我们还需要有两个概念：
（1） ⻓连接：  Client⽅与Server⽅先建⽴通讯连接，连接建⽴后不断开，   然后再进⾏报⽂发送和接收。
（2） 短连接：Client⽅与 Server每进⾏⼀次报⽂收发交易时才进⾏通讯连接，交易完毕后⽴即断开连接。此种⽅
式常⽤于⼀点对多点  通讯，⽐如多个 Client连接⼀个 Server。
实际，我想象的 关于粘包的场景是不对的 ，http连接是短连接，请求之后，收到回答，⽴⻢断开连接，不会出现
粘包。  拆包现象是有可能存在的。
处理拆包 这⾥提供两种⽅法：
（1） 通过包头 +包⻓+包体的协议形式，当服务器端获取到指定的包⻓时才说明获取完整。   （2） 指定包的结束
标识，这样当我们获取到指定的标识时，说明包获取完整。
处理粘包 我们从上⾯的分析看到，虽然像 http这样的短连接协议不会出现粘包的现象，但是⼀旦建⽴了⻓连接，
粘包还是有可能会发⽣的。处理粘包的⽅法如下：
（1） 发送"
,计算机网络,UDP会不会产⽣粘包问题呢？,technical,medium,"TCP为了保证可靠传输并减少额外的开销（每次发包都要验证）， 采⽤了基于流的传输，基于流的传输不认为消息
是⼀条⼀条的，是⽆保护消息边界的（保护消息边界：指传输协议把数据当做⼀条独⽴的消息在⽹上传输，接收端
⼀次只能接受⼀条独⽴的消息）。 UDP则是⾯向消息传输的，是有保护消息边界的，接收⽅⼀次只接受⼀条独⽴的
信息，所以不存在粘包问题。
举个例⼦：有三个数据包，⼤⼩分别为 2k、4k、6k，如果采⽤ UDP发送的话，不管接受⽅的接收缓存有多⼤，我
们必须要进⾏⾄少三次以上的发送才能把数据包发送完，但是使⽤ TCP协议发送的话，我们只需要接受⽅的接收缓
存有12k的⼤⼩，就可以⼀次把这 3个数据包全部发送完毕。"
,计算机网络,什么是对称加密和⾮对称加密,technical,hard,"对称加密
对称加密也称为私钥加密，使⽤相同的密钥来进⾏加密和解密。
在加密过程中，明⽂数据通过应⽤特定的算法和密钥进⾏加密，⽣成密⽂数据。解密过程则是将密⽂数据应⽤
同样的算法和密钥进⾏解密，恢复为明⽂数据。
由于加密和解密都使⽤相同的密钥，因此对称加密算法的速度通常较快，但密钥的安全性很重要。如果密钥泄
漏，攻击者可以轻易地解密数据。
⾮对称加密
⾮对称加密也称为公钥加密，使⽤⼀对不同但相关的密钥：公钥和私钥。
公钥⽤于加密数据，私钥⽤于解密数据。如果使⽤公钥加密数据，只有拥有相应私钥的⼈才能解密数据；如果
使⽤私钥加密数据，可以使⽤相应公钥解密。
除了加密和解密，⾮对 称加密还⽤于【数字签名】，可以验证消息的来源和完整性。
HTTPS是如何建⽴连接的
HTTPS建⽴连接的⼀般过程：
1. 客户端发送连接请求 ：
当客户端想要与服务器建⽴ HTTPS连接时，它会发送⼀个连接请求到服务器的 443端⼝，表明它想要使
⽤HTTPS进⾏通信。
2. 服务器响应 ：
服务器收到连接请求后，会发送⼀个 CA数字证书  给客户端。这个证书包含了服务器的公钥、证书的颁发
者信息以及其他相关信息。
"
,计算机网络,URL和URI是什么,technical,hard,"URI（Uniform  Resource  Identifier ）：统⼀资源标识符，  URI是⼀个通⽤的术语，⽤于标识任何互联⽹上的资
源，⽆论资源是什么类型。
URL（Uniform  Resource  Locator ）：统⼀资源定位符，  URL是URI的⼀种特殊形式，它不仅标识资源，还提供
了资源的位置信息，即如何定位和获取资源。 URL由以下⼏部分组成：
1. 协议（ Protocol ）：  指定了访问资源的协议，例如 HTTP、HTTPS、FTP等。
2. 域名或 IP地址（ Domain  Name  or IP Address ）：  标识了资源所在的主机或服务器的名称或 IP地址。
3. 端⼝号（ Port Number ）： 指定了服务器上监听资源请求的端⼝号，通常根据协议的默认端⼝。
4. 路径（ Path）：   描述了服务器上资源的具体路径或位置。
5. 查询参数（ Query  Parameters ）：  ⽤于向服务器传递参数，以影响资源的获取或显示。
6. ⽚段标识（ Fragment  Identifier ）：  标识资源中的特定⽚段或位置"
,计算机网络,以下是⼀个示例 URL：https://www.example.com:8080/path/resource?param=value#section,technical,easy,"在这个示例 URL中，协议是 HTTPS，域名是 www.example.com ，端⼝号是 8080，路径是 /path/resource ，查询参
数是 param=value ，⽚段标识是 section。"
,计算机网络,TCP与UDP的区别,technical,easy,"1、连接
TCP是⾯向连接的， 在传输前需要三次握⼿建⽴连接。
UDP不需要连接， 直接发送数据包，没有连接建⽴和关闭的过程。"
,计算机网络,TCP和UDP分别在什么场景使⽤？,technical,easy,"UDP适⽤于实时传输的场景 ：UDP适⽤于对数据传输可靠性要求不⾼的场景，如实时游戏、流媒体等，其中
实时性⽐数据的准确性更为重要。
TCP适⽤于可靠数据传输的场景 ：TCP适⽤于那些对数据传输可靠性要求较⾼的应⽤，如⽂件传输、电⼦邮
件、⽹⻚浏览等。"
,计算机网络,怎么⽤ UDP实现可靠传输,technical,hard,"1. 为什么需要可靠的 UDP
在弱⽹（ 2G、3G、信号不好） 环境下，使⽤  TCP 连接的延迟很⾼，影响体验。使⽤  UDP  是很好的解决⽅
案，既然把  UDP 作为弱⽹⾥⾯的  TCP 来使⽤，就必须保证数据传输能像  TCP ⼀样可靠
2. 如何实现可靠的 UDP
UDP它不属于连接型协议，因⽽具有资源消耗⼩，处理速度快的优点，所以通常⾳频、视频和普通数据在传
送时使⽤ UDP较多，因为它们即使偶尔丢失⼀两个数据包，也不会对接收结果产⽣太⼤影响。传输层⽆法保
证数据的可靠传输，只能通过 应⽤层来实现了。实现的⽅式可以参照 tcp可靠性传输的⽅式，只是实现不在传
输层，实现转移到了应⽤层。关键在于两点，从应⽤层⻆度 考虑：
（1） 提供超时重传，能避免数据报丢失。
（2） 提供确认序列号，可以对数据报进⾏确认和排序。
本端：⾸先在 UDP数据报定义⼀个⾸部，⾸部包含确认序列号和时间戳，时间戳是⽤来计算 RTT(数据报传输
的往返时间 )，计算出合适的 RTO (重传的超时时间 )。然后以等 -停的⽅式发送数据报，即收到对端的确认之后
才发送下⼀个的数据报。当时间超时，本端重"
,计算机网络,Keep -Alive是什么,technical,easy,"HTTP1.0 中需要配置⻓连接，在请求头中配置 Connection:  Keep-Alive , ⽽HTTP1.1 中默认开启了⻓连接"
,计算机网络,TCP KeepAlive 是什么,technical,medium,"TCP  Keep-Alive 是在操作系统和⽹络协议栈级别实现的，它通过发送特定的探测数据包来维护连接的活跃性。
1. 在启⽤  TCP Keep -Alive  的情况下，操作系统会定期发送⼀些特定的探测数据包到连接的另⼀端。这些数据包
通常是空的，没有实际的数据内容。
2. 如果⼀端收到了探测数据包，它会回复⼀个确认（ ACK）数据包。如果⼀段时间内没有收到确认数据包，发送
端将认为连接可能已经断开，从⽽触发连接关闭。
3. TCP Keep-Alive 的主要⽬的是检测连接是否处于空闲状态，即没有实际数据传输。它不仅可以检测到连接断
开，还可以在空闲连接超过⼀定时间时释放连接，从⽽释放资源。"
,计算机网络,TCP的TCP 的 Keepalive  和 HTTP  的 Keep -Alive 是⼀个东⻄吗？,technical,medium,"1. HTTP  的 Keep -Alive，是由应⽤层实现的，称为  HTTP  ⻓连接
每次请求都要经历这样的过程：建⽴  TCP -> 请求资源  -> 响应资源  -> 释放连接，这就是 HTTP短连接，但是这样每
次建⽴连接都只能请求⼀次资源，所以 HTTP  的 Keep-Alive 实现了使⽤同⼀个  TCP 连接来发送和接收多个  HTTP
请求/应答，避免了连接建⽴和释放的开销，就就是  HTTP ⻓连接。
2. TCP 的 Keepalive ，是由 TCP 层（内核态）实现的，称为  TCP 保活机制，是⼀种⽤于在  TCP 连接上检测空闲"
,计算机网络,CDN是什么,technical,easy,"CDN，全称为内容分发⽹络 （Content Delivery  Network） , 过将内容存储在分布式的服务器上，使⽤户可以从
距离较近的服务器获取所需的内容，从⽽减少数据传输的时间和距离，提⾼内容的传输速度、减少延迟和提升⽤户
体验。"
,计算机网络,Cookie和Session 是什么？,technical,medium,"Cookie 和 Session 都⽤于管理⽤户的状态和身份 , Cookie 通过在客户端记录信息确定⽤户身份，  Session 通过
在服务器端记录信息确定⽤户身份。
1. Cookie
Cookie 是存储在⽤户浏览器中的⼩型⽂本⽂件，⽤于在⽤户和服务器之间传递数据。通常，服务器会将⼀个
或多个  Cookie 发送到⽤户浏览器，然后浏览器将这些  Cookie 存储在本地。
服务器在接收到来⾃客户端浏览器的请求之后，就能够通过分析存放于请求头的 Cookie得到客户端特有的信
息，从⽽动态⽣成与该客户端相对应的内容。
2. Session
客户端浏览器访问服务器的时候，服务器把客户端信息以某种形式记录在服务器上。这就是 Session 。Session 主
要⽤于维护⽤户登录状态、存储⽤户的临时数据和上下⽂信息等。"
,计算机网络,Cookie和Session 有什么区别？,technical,medium,"存储位置： Cookie  数据存储在⽤户的浏览器中，⽽  Session  数据存储在服务器上。
数据容量： Cookie  存储容量较⼩，⼀般为⼏  KB。Session  存储容量较⼤，通常没有固定限制，取决于服务器
的配置和资源。
安全性：由于  Cookie  存储在⽤户浏览器中，因此可以被⽤户读取和篡改。相⽐之下， Session  数据存储在服
务器上，更难被⽤户访问和修改。
传输⽅式： Cookie  在每次  HTTP  请求中都会被⾃动发送到服务器，⽽  Session  ID 通常通过  Cookie  或 URL 参
数传递。"
,计算机网络,TCP重传机制是怎么实现的？,technical,hard,"当发送⽅的数据在传输过程中丢失、损坏或延迟，接收⽅可以请求发送⽅重新传输这些数据。
1. 序号与确认号 ：在  TCP 通信中，每个发送的字节都有⼀个唯⼀的序号，⽽每个接收的字节都有⼀个确认号。
发送⽅维护了⼀个发送窗⼝，接收⽅维护了⼀个接收窗⼝。发送⽅会持续发送数据，并等待接收⽅的确认。
2. 超时检测 ：发送⽅为每个发送的数据段设置⼀个定时器，这个定时器的时⻓称为超时时间。发送⽅假设在这个
超时时间内，数据能够到达接收⽅并得到确认。如果在超时时间内没有收到确认，发送⽅会认为数据丢失或损
坏，触发重传。
3. 重传策略 ：当发送⽅在超时时间内没有收到确认，它会认为数据丢失，然后重新发送相应的数据段。如果只有
⼀个数据段丢失，发送⽅只会重传丢失的数据段。如果有多个数据段丢失，发送⽅可能会使⽤更复杂的算法来
决定哪些数据需要重传。
4. 快速重传和快速恢复 ：为了更快地发现丢失的数据，接收⽅可以使⽤快速重传策略。当接收⽅连续接收到相同
的确认号时，它会⽴即向发送⽅发送冗余的确认，以触发发送⽅进⾏重传。此外，发送⽅在接收到快速重传的
确认后，不需要等到超时再次发送，⽽是可以使⽤快速恢复算法"
,计算机网络,TCP流量控制是怎么实现的？,technical,medium,"流量控制 就是让发送发送速率不要过快，让接收⽅来得及接收。利⽤ 滑动窗⼝机制 就可以实施流量控制，主要⽅法
就是动态调整发送⽅和接收⽅之间数据传输速率。
滑动窗⼝⼤⼩：  在TCP通信中，每个 TCP报⽂段都包含⼀个窗⼝字段，该字段指示发送⽅可以发送多少字节的 数
据⽽不等待确认。这个窗⼝⼤⼩是动态调整的。
接收⽅窗⼝⼤⼩：  接收⽅通过 TCP报⽂中的窗⼝字段告诉发送⽅⾃⼰当前的可接收窗⼝⼤⼩。这是接收⽅缓
冲区中还有多少可⽤空间。
流量控制的⽬标：   流量控制的⽬标是确保发送⽅不要发送超过接收⽅缓冲区容量的数据。如果接收⽅的缓冲 区
快满了，它会减⼩窗⼝⼤⼩，通知发送⽅暂停发送，以防⽌溢出。
动态调整：   发送⽅会根据接收⽅的窗⼝⼤⼩动态调整发送数据的速率。如果接收⽅的窗⼝⼤⼩增加，发送⽅ 可
以加速发送数据。如果窗⼝⼤⼩减⼩，发送⽅将减缓发送数据的速率。
确认机制：  接收⽅会定期发送确认（ ACK）报⽂，告知发送⽅已成功接收数据。这也与流量控制密切相关，
因为接收⽅可以通过 ACK报⽂中的窗⼝字段来通知发送⽅它的当前窗⼝⼤⼩。"
,计算机网络,TCP拥塞控制是怎么实现的？,technical,hard,"TCP拥塞控制可以在⽹络出现拥塞时动态地调整数据传输的速率，以防⽌⽹络过载。 TCP拥塞控制的主要机制包括
以下⼏个⽅⾯：
1. 慢启动（ Slow Start）：  初始阶段， TCP发送⽅会以较⼩的发送窗⼝开始传输数据。随着每次成功收到确认 的
数据，发送⽅逐渐增加发送窗⼝的⼤⼩，实现指数级的增⻓，这称为慢启动。这有助于在⽹络刚开始传输时 谨
慎地逐步增加速率，以避免引发拥塞。
2. 拥塞避免（ Congestion Avoidance）：  ⼀旦达到⼀定的阈值（通常是慢启动阈值）， TCP发送⽅就会进⼊
拥塞避免阶段。在拥塞避免阶段，发送⽅以线性增加的⽅式增加发送窗⼝的⼤⼩，⽽不再是指数级的增⻓。这
有助于控制发送速率，以避免引起⽹络拥塞。
3. 快速重传（ Fast Retransmit ）：  如果发送⽅连续收到相同的确认，它会认为发⽣了数据包的丢失，并会快
速重传未确认的数据包，⽽不必等待超时。这有助于更快地恢复由于拥塞引起的数据包丢失。
4. 快速恢复（ Fast Recovery）：  在发⽣快速重传后， TCP进⼊快速恢复阶段。在这个阶段，发送⽅不会回到慢
启动阶段，"
,计算机网络,什么是操作系统,technical,easy,"操作系统 (Operating System)，是介于硬件资源和应⽤程序之间的⼀个系统软件  ，能控制和管理整个计算机系统的
硬件和软件资源，调度计算机的⼯作与资源的分配，进⽽为⽤户和其他软件提供服务， 操作系统是计算机系统中最
基本的系统软件。"
,计算机网络,⽤你的 PC机做什么呢？,technical,medium,"操作系统的特征：
并发：并发指的是两个或多个事件在同⼀时间间隔内发⽣，计算机系统中同时存在多个运⾏的程序，因此具有
处理和调度多个程序同时执⾏的能⼒。
注意：并⾏和并发的区别：并发指的是同⼀时间间隔，并⾏指的是同⼀时刻。
共享：系统中的资源可以供内存中多个并发执⾏的进程共同使⽤。
互斥共享：⼀段时间内只允许⼀个进程访问该资源。 ⼀段时间内只允许⼀个进程访问的资源称为临界资
源。
同时访问：⼀段时间内允许多个进程 “同时”访问， “同时”通常是宏观的，实际上是交替的对该资源进⾏访
问。
虚拟：把⼀个物理上的实体变为若⼲逻辑上的对应物。
异步：进程的执⾏并不是⼀贯到底的，⽽是以不可预知的速度向前推进。"
,计算机网络,存不够了怎么办？ A进程⾮法访问了 B进程的内存地址怎么办？内存内、外碎⽚问题等。,technical,easy,资源回收：   考虑内存回收后的合并等等。
,操作系统,为什么需要虚拟内存：（ 摘⾃   为什么 Linux需要虚拟内存⼀⽂),technical,medium,"1. 虚拟内存可以结合磁盘和物理内存的优势为进程提供看起来速度⾜够快并且容量⾜够⼤的存储
2. 虚拟内存可以为进程提供独⽴的内存空间并引⼊多层的⻚表结构将虚拟内存翻译成物理内存，进程之间可以共
享物理内存减少开销，也能简化程序的链接、装载以及内存分配过程 ;
3. 虚拟内存可以控制进程对物理内存的访问，隔离不同进程的访问权限，提⾼系统的安全性。
⽂件系统
⽂件
1. ⽂件
⽂件是⼀种抽象机制，它提供了⼀种在磁上保存信息⽽且⽅便以后读取的⽅法。这种⽅法可以使⽤户不必了解存储"
,操作系统,磁盘如何使⽤？,technical,easy,"1. 发送  out 指令；
2. ⽂件视图；
3. 发送  中断
磁盘的结构"
,操作系统,虽然⼀层抽象（利⽤  盘块号）可以达到使⽤磁盘的⽬的，但是如果有多个磁盘访问请求出现在请求队列怎么办 ?,technical,easy,此时，操作系统会根据  磁盘调度算法  来挑选⼀个  磁盘请求服务
,操作系统,让普通⽤户使⽤  raw disk： 许多⼈连扇区都不知道是什么 ? 要求他们根据盘块号来访问磁盘不太便利,technical,easy,需要在盘块上引⼊更⾼⼀层次的抽象概念 ! ⽂件
,操作系统,如何根据  ⽂件  找到  盘块号？,technical,medium,"将⽂件按照  连续结构存放 ；（下 左图）；
对每个⽂件建⽴⼀个  FCB，记录该⽂件在磁盘中的  起始块号；
根据⽂件（字符流） 中的第  n 个待查字符  + FCB 计算  （n / 每个盘块的⼤⼩  + FCB中的  起始块号】出其在磁盘上对
应的  盘块号  【得到盘块号，然后采⽤  SCAN 算法 ]
这种⽅法的缺点：
1. 利⽤顺序结构存储⽂件，不利⽤⽂件的修改（ 因为  顺序存储的  增/删 代价⾮常⼤ ）
2. 所以，当需要  动态修改  ⽂件时，最好使⽤  链式存储⽂件"
,操作系统,如何让外设动起来,technical,easy,"1. CPU  向 外设的控制器 发送指令，即  out 指令
2. 形成  ⽂件视图 （为了统⼀  out 指令的形式 ）
3. 中断（外设处理完事后，需要通知  cpu 继续接⼿  下⼀步处理 ）"
,操作系统,键盘如何⼯作？,technical,easy,"中断处理（ 根据扫描码  获取  对应的  ascii 码）；
将对应的  ascii 码 加⼊  缓冲队列  read_que  中，等待上层程序调⽤
Linux"
,操作系统,什么是 IO多路复⽤,technical,hard,"I/O多路复⽤是⼀种在单个线程或进程中处理多个输⼊和输出操作的机制。它允许单个进程同时监视多个⽂件描述
符(通常是套接字 )，当⼀个或多个⽂件描述符准备好读或写时，它就可以⽴即响应。
I/O多路复⽤通常通过 select、poll、epoll等系统调⽤来实现。
select：  select是⼀个最古⽼的 I/O多路复⽤机制，它可以监视多个⽂件描述符的可读、可写和错误状态。然
⽽，但是它的效率可能随着监视的⽂件描述符数量的增加⽽降低。
poll： poll是select的⼀种改进，它使⽤ 轮询⽅式 来检查多个⽂件描述符的状态，避免了 select中⽂件描述符
数量有限的问题。但对于⼤量的⽂件描述符， poll的性能也可能变得不⾜够⾼效。
epoll： epoll是Linux特有的 I/O多路复⽤机制，相较于 select和poll，它在处理⼤量⽂件描述符时更加⾼效。
epoll使⽤事件通知的⽅式，只有在⽂件描述符就绪时才会通知应⽤程序，⽽不需要应⽤程序轮询。
I/O多路复⽤允许在⼀个线程中处理多个 I/O操作，避免了创建多个线程或进程的开销，允许在⼀个线程中处理多个
I/O操作，避免了"
,操作系统,描述符集合。,technical,medium,"然⽽，  poll 仍然存在⼀些问题：
效率问题：尽管 poll 相对于select 具有较⾼的效率，但当⽂件描述符数量很⼤时，它仍然需要遍历整个⽂
件描述符数组。
⾮实时性：与 select 类似，每次调⽤ poll 时，需要重新设置⽂件描述符数组。
epoll
epoll 是Linux特有的⼀种⾼效 I/O多路复⽤技术，它克服了  select 和poll 的主要限制。  epoll 使⽤⼀个事件驱
动（event -driven）的⽅式来处理 I/O操作，它只会返回就绪的⽂件描述符，⽽不是遍历整个⽂件描述符集合。
epoll的主要优点如下：
⾼效：  epoll 使⽤事件驱动的⽅式来处理 I/O操作，因此它在处理⼤量⽂件描述符时具有很⾼的效率。当有
I/O事件发⽣时，  epoll 可以⽴即得到通知，⽽⽆需遍历整个⽂件描述符集合。这使得 epoll 在⾼并发场景中
具有更好的性能。
可扩展性：与 poll 类似，  epoll 可以处理任意数量的⽂件描述符，因为它使⽤⼀个动态数据结构来表示⽂件"
,操作系统,Linux中的软链接和硬链接有什么区别？,technical,hard,"物理实现：
软链接：    软链接是⼀个独⽴的⽂件，它包含了指向⽬标⽂件或⽬录的路径。软链接实际上是⼀个特殊的
⽂件，其中包含有关⽬标⽂件的引⽤。
硬链接：  硬链接是⽬标⽂件的⼀个额外的⽬录项。⽬录项指向相同的物理数据块，实际上只是⽂件系统 中
的两个或多个⽬录项指向相同的 inode。
链接的⽬标：
软链接：   软链接可以链接到⽂件或⽬录，甚⾄可以链接到不存在的⽂件。
硬链接：   硬链接只能链接到⽂件，⽽且必须是同⼀⽂件系统中的。
对链接的影响：
软链接：  如果原始⽂件被删除或移动，软链接仍然存在，但链接将失效。软链接可以跨⽂件系统，但如
果⽬标⽂件被删除，软链接将成为坏链接（ danglin g link）。
硬链接：  删除或移动原始⽂件并不会影响硬链接，因为硬链接只是 inode的另⼀个引⽤。只有当所有硬
链接都被删除后， inode的数据块才会被释放。
创建⽅式：
软链接：  使⽤ln -s 命令创建软链接。例如，  ln -s target_file  link_name  。
硬链接：  使⽤ln 命令创建硬链接。例如，  ln target_file  link"
,操作系统,什么是中断和异常,technical,medium,"中断和异常都会导致处理器暂停当前正在执⾏的任务，并转向执⾏⼀个特定的处理程序（ 中断处理程序或异常处理
程序）。然后在处理完这些特殊情况后，处理器会返回到被打断的任务继续执⾏。
1. 中断是由计算机系统外部事件触发的，通常与硬件设备相关。 中断的⽬的是为了及时响应重要事件⽽暂时中断
正常的程序执⾏。典型的中断包括时钟中断、 I/O设备中断（如键盘输⼊、⿏标事件）和硬件错误中断等。操
作系统通常会为每种类型的中断分配⼀个中断处理程序，⽤于处理相应的事件。
2. 异常是由计算机系统内部事件触发的，通常与正在执⾏的程序或指令有关， ⽐如程序的⾮法操作码、地址越
界、运算溢出等错误引起的事件，异常不能被屏蔽，当出现异常时，计算机系统会暂停正常的执⾏流程，并转
到异常处理程序来处理该异常。"
,操作系统,如何杀死⼀个进程,technical,hard,"使⽤kill 命令可以向⼀个进程发送信号，终⽌进程，
killall 命令⽤于根据进程名杀死所有匹配的进程。
杀死⽗进程并不会同时杀死⼦进程：每个进程都有⼀个⽗进程。可以使⽤  pstree  或 ps ⼯具来观察这⼀点。
杀死⽗进程后，⼦进程将会成为孤⼉进程，⽽  init 进程将重新成为它的⽗进程。
局部性原理
在⼀段时间内，程序倾向于多次访问相同的数据或接近的数据，⽽不是随机地访问内存中的各个位置。局部性原理
通常分为两种类型：时间局部性和空间局部性。
1. 时间局部性
如果⼀个数据被访问，那么在不久的将来它很可能会再次被访问。这意味着程序在短时间内倾向于反复使⽤相同的
数据项，例如在循环中反复访问数组的元素。
通过利⽤时间局部性，程序可以将频繁使⽤的数据存储在缓存中，从⽽减少访问主内存的次数，提⾼程序的执⾏速
度。
2. 空间局部性
如果⼀个数据被访问，那么它附近的数据也很可能会被访问。这意味着程序在访问⼀个数据时，通常会在接近该数
据的附近访问其他数据，例如遍历数组时，往往会访问相邻的元素。
⽂件系统在磁盘上存储数据时，通常会将相关的数据块放在相邻的磁盘扇区上，以便在访问⼀个"
,操作系统,进程、线程的区别？,technical,medium,"进程是系统进⾏资源分配和调度的基本单位。
线程是操作系统能 够进⾏运算调度的最⼩单位，线程是进程的⼦任务，是进程内的执⾏单元。   ⼀个进程⾄少有⼀个 线
程，⼀个进程可以运⾏多个线程，这些线程共享同⼀块内存。
资源开销：
进程：由于每个进程都有独⽴的内存空间，创建和销毁进程的开销较⼤。进程间切换需要保存和恢复整个进程
的状态，因此上下⽂切换的开销较⾼。
线程：线程共享相同的内存空间，创建和销毁线程的开销较⼩。线程间切换只需要保存和恢复少量的线程上下
⽂，因此上下⽂切换的开销较⼩。
通信与同步：
进程：由于进程间相互隔离，进程之间的通信需要使⽤⼀些特殊机制，如管道、消息队列、共享内存等。
线程：由于线程共享相同的内存空间，它们之间可以直接访问共享数据，线程间通信更加⽅便。
安全性：
进程：由于进程间相互隔离，⼀个进程的崩溃不会直接影响其他进程的稳定性。
线程：由于线程共享相同的内存空间，⼀个线程的错误可能会影响整个进程的稳定性。"
,操作系统,进程的状态有哪些,technical,medium,"进程的 3种基本状态： 运⾏、就绪和阻塞。
（1） 就绪：当⼀个进程获得了除处理机以外的⼀切所需资源，⼀旦得到处理机即可运⾏，则称此进程处于就绪状
态。就绪进程可以按多个优先级来划分队列。例如，当⼀个进程由于时间⽚⽤完⽽进⼊就绪状态时，排⼊低优先级
队列；当进程由 I／O操作完成⽽进⼊就绪状态时，排⼊⾼优先级队列。
（2） 运⾏：当⼀个进程在处理机上运⾏时，则称该进程处于运⾏状态。处于此状态的进程的数⽬⼩于等于处理器
的数⽬，对于单处理机系统，处于运⾏状态的进程只有⼀个。在没有其他进程可以执⾏时（ 如所有进程都在阻塞状
态），通常会⾃动执⾏系统的空闲进程。
（3） 阻塞：也称为等待或睡眠状态，⼀个进程正在等待某⼀事件发⽣（例如请求 I/O⽽等待 I/O完成等） ⽽暂时停
⽌运⾏，这时即使把处理机分配给进程也⽆法运⾏，故称该进程处于阻塞状态。"
,操作系统,介绍⼀下你知道的锁,technical,medium,"两个基础的锁：
互斥锁：互斥锁是⼀种最常⻅的锁类型，⽤于实现互斥访问共享资源。在任何时刻，只有⼀个线程可以持有互
斥锁，其他线程必须等待直到锁被释放。这确保了同⼀时间只有⼀个线程能够访问被保护的资源。
⾃旋锁：⾃旋锁是⼀种基于忙等待的锁，即线程在尝试获取锁时会不断轮询，直到锁被释放。
其他的锁都是基于这两个锁的
读写锁：允许多个线程同时读共享资源，只允许⼀个线程进⾏写操作。分为读（共享）和写（排他） 两种状
态。
悲观锁：认为多线程同时修改共享资源的概率⽐较⾼，所以访问共享资源时候要上锁
乐观锁：先不管，修改了共享资源再说，如果出现同时修改的情况，再放弃本次操作"
,操作系统,如何解除死锁,technical,easy,"只需要破坏上⾯⼀个条件就可以破坏死锁。
破坏请求与保持条件：⼀次性申请所有的资源。
破坏不可剥夺条件：占⽤部分资源的线程进⼀步申请其他资源时，如果申请不到，可以主动释放它占有的资
源。
破坏循环等待条件：靠 按序申请资源 来预防。让所有进程按照相同的顺序请求资源，释放资源则反序释放。"
,操作系统,分段和分⻚的区别,technical,medium,"分段
基本单位：   地址空间被划分为不同的逻辑段，每个段具有独⽴的含义，如代码段、数据段等。
段的⻓度：   每个段的⻓度可以动态变化，不同段的⻓度可以不同。
内部碎⽚：   由于每个段的⻓度可以动态变化，可能会导致内部碎⽚，即段内部的未使⽤空间。
外部碎⽚：   可能会导致外部碎⽚，即段之间的未使⽤空间。
逻辑地址：   逻辑地址由两部分组成，⼀个是段号，另⼀个是段内偏移。
分⻚（Paging）：
基本单位：   地址空间被划分为固定⼤⼩的⻚⾯，物理内存也被划分为相同⼤⼩的⻚⾯框。
⻚⾯的⻓度：   ⻚⾯的⻓度是固定的，由操作系统定义。
内部碎⽚：   由于⻚⾯⻓度固定，可能会导致内部碎⽚，即⻚⾯内部的未使⽤空间。
外部碎⽚：   由于⻚⾯⻓度固定，不同⻚⾯之间的未使⽤空间⽆法利⽤，可能导致外部碎⽚。
逻辑地址：   逻辑地址由两部分组成，⼀个是⻚号，另⼀个是⻚内偏移。"
,操作系统,redo log 和binlog 有什么不同？,technical,medium,"是 InnoDB  引擎特有的；  binlog 是 MySQL  的 Server  层实现的，所有引擎都
可以使⽤。
是物理⽇志，记录的是 “在某个数据⻚上做了什么修改 ”； binlog 是逻辑⽇
志，记录的是这个语句的原始逻辑，⽐如 “给 ID=2  这⼀⾏的  c 字段加  1
是循环写的，空间固定会⽤完；  binlog 是可以追加写⼊的。 “追加写 ”是指
binlog   ⽂件写到⼀定⼤⼩后会切换到下⼀个，并不会覆盖以前的⽇志。"
,MySQL,怎么查看⼀个 SQL语句是否使⽤了索引进⾏检索,technical,easy,"在 SQL 语句前，添加  explian  关键字
当 时，表示使⽤  全表查询（未使⽤索引 ）
当 type=RES  时，表示使⽤索引"
,MySQL,什么是最左匹配原则,technical,medium,"通过将多个字段组合成⼀个索引，该索引就被称为联合索引。
使⽤联合索引时，存在 最左匹配原则 ，也就是按照最左优先的⽅式进⾏索引的匹配。
最左匹配原则要求查询条件中的列应该从索引的最左边的列开始，并且不能跳过中间的列。如果查询条件不按照索
引的顺序进⾏匹配，那么索引可能会失效。
举个例⼦：
如果查询条件为  WHERE column1 = 'value1'  ，那么索引可以被有效使⽤。
如果查询条件为  WHERE column1 = 'value1'  AND column2 = 'value2'  ，同样索引可以被有效使⽤。
但如果查询条件 为 或
'value3'  ，则最左匹配原则不成⽴。
最左匹配时在遇到范围查询（如  >、<）的时候，就会停⽌匹配，范围查询的字段可以⽤到联合索引，但是范围查
询字段的后⾯的字段⽆法⽤到联合索引。
索引下推"
,MySQL,那些不符合最左前缀的部分，会怎么样呢？,technical,medium,"⽐如，执⾏如下语句时候，则存在不符合最左前缀的部分：
WHERE column2 = 'value2' AND column3 =
根据前缀索引规则，这个语句在搜索索引树的时候，只能⽤  “张”，找到第⼀个满⾜条件的记录  ID3
然后在  MySQL  5.6 之前，只能从  ID3 开始⼀个个回表，到主键索引上找出数据⾏，再对⽐字段值。
⽽ MySQL  5.6 引⼊了索引下推优化（ index  condition  pushdown)
可以在联合索引遍历过程中，对联合索引中包含的字段先做判断，直接过滤掉不满⾜条件的记录，减少回表次数。
由图3可知，本例中  ⽆索引优化时，需要  回表  4 次；
图4中，采⽤  索引下推  优化，直接在索引遍历的过程中，过滤了不符合条件的记录（ ID3、ID6），只⽤回表  2 次
select * from tuser"
,MySQL,为什么使⽤ B+树索引,technical,medium,"B+树的⾮叶⼦节点不存放实际的记录数据，仅存放索引，所以 数据量相同的情况下，相⽐存储即存索引⼜存
记录的  B 树，B+树的⾮叶⼦节点可以存放更多的索引，因此  B+ 树可以⽐  B 树更「矮胖」，查询底层节点的
磁盘  I/O次数会更少 。
B+ 树有⼤量的冗余节点（所有⾮叶⼦节点都是冗余索引），这些冗余索引让  B+ 树在插⼊、删除的效率都更
⾼，⽐如删除根节点的时候，不会像  B 树那样会发⽣复杂的树的变化；
B+ 树叶⼦节点之间⽤链表连接了起来，有利于范围查询，⽽  B 树要实现范围查询，因此只能通过树的遍历来
完成范围查询，这会涉及多个节点的磁盘  I/O 操作，范围查询效率不如  B+ 树。
事务
思维导图："
,MySQL,隔离级别具体是如何实现的呢？,technical,easy,对于读未提交，可以读到未提交事务修改的数据，所以直接读取最新的数据就可以。
,MySQL,如何避免⻓事务对业务的影响？,technical,hard,"从应⽤开发端来看 :
1. 确定是否使⽤了 set autocommit=0 ，如是，则改成 1
2. 确定是否有不必要的只读事务
3. 业务连接数据库的时候，控制每个语句执⾏的最⻓时间  set maxexecutiontime
从数据库端来看 :
min_trx_id
max_trx_id
m_ids
set autocommit=1
1. 监控相关表，设置⻓事务阈值，超过就报警 /kill
2. 可使⽤ percona的pt-kill⼯具
3. 在功能测试阶段输出所有的 log，分析⽇志提前发现问题
4. 把innodbundotablespaces 设置成 2或者更⼤的值
锁
多个事物在【并发情况下】会出现⼀些经典的问题，如脏读、不可重复读、幻读、丢失更新。为了不同程度的解决
这些问题，出现了不同的隔离级别，锁就是实现各种隔离级别的⼀种⽅式。
锁的种类
flush tables with read lock (FTWRL)。 1、全局锁
顾名思义，全局锁就是 对整个数据库 实例加锁。
典型使⽤场景 ：全库逻辑备份，即把整个库的表都 select出来存成⽂本
MySQL  提供了"
,MySQL,知道了这个设定，对我们使⽤事务有什么帮助呢？那就是，如果你的事务中需要锁多个⾏，要把最可能造成锁冲,technical,hard,"突、最可能影响并发度的锁尽量往后放。
加锁规则
加锁规则⾥⾯，包含了两个 “原则”、两个 “优化”和⼀个 “bug”
两个原则：
AUTO_INCREMENT
SELECT user_id FROM product_comment WHERE user_id = 10 LOCK IN SHARE MODE;
SELECT user_id FROM product_comment WHERE user_id = 10 FOR UPDATE;
LOCK TABLE product_comment READ;
UNLOCK TABLE; 1. 加锁的基本单位是  next-key lock。希望你还记得， next-key lock 是前开后闭区间。
2. 查找过程中访问到的对象才会加锁。
两个优化：
1. 索引上的等值查询，给唯⼀索引加锁的时候， next-key  lock  退化为⾏锁。
2. 索引上的等值查询，向右遍历时且最后⼀个值不满⾜等值条件的时候， next-key  lock  退化为间隙锁。
⼀个""bug""：
1. 唯⼀索引上的范围查询会访问到不满⾜条件的第⼀个值为⽌。（ "
,MySQL,什么是 undo  logo,technical,easy,"当事务对数据库进⾏更新（插⼊、修改、删除） 时，系统会记录相应的 undo log ，以便在事务回滚或系统崩溃时
进⾏数据恢复 , 主要⽤于事务回滚和 MVC C。 undo log 记录的信息包括操作类型（插⼊、删除还是更新）， 修改前
的数据值，被修改的数据的位置，事务标识 id等，⽐如在 更新⼀条记录时，要把被更新的列的旧值记下来，这样之
后回滚时再把这些列 更新为旧值 就好了。"
,MySQL,什么是 redo log,technical,easy,"redo log 是物理⽇志，记录了某个数据⻚做了什么修改，⽐如 对 XXX 表空间中的  YYY 数据⻚  ZZZ 偏移量的地⽅做
了AAA 更新，每当执⾏⼀个事务就会产⽣这样的⼀条或者多条物理⽇志。在事务提交时，只要先将  redo log 持久"
,MySQL,redo log和undo  log的区别是什么,technical,medium,"undo  log 和 redo log 这两个⽇志都是  Innodb  存储引擎⽣成的。
redo  log  记录了此次事务「 完成后」的数据状态，记录的是更新 之后的值；
undo   log  记录了此次事务「 开始前」的数据状态，记录的是更新 之前的值；
事务提交之前发⽣了崩溃，重启后会通过  undo  log 回滚事务，事务提交之后发⽣了崩溃，重启后会通过  redo log
恢复事务
roll_pointer"
,MySQL,什么是 binlog,technical,easy,"MySQL 在完成⼀条更新操作后， Server 层还会⽣成⼀条  binlog，等之后事务提交的时候，会将该事物执⾏过程中
产⽣的所有  binlog 统⼀写  ⼊ binlog ⽂件。
binlog  ⽂件是记录了所有数据库表结构变更和表数据修改的⽇志，不会记录查询类的操作，⽐如  SELECT  和 SHOW
操作。"
,MySQL,为什么需要两阶段提交,technical,hard,"事务提交后， redo log 和 binlog 都要持久化到磁盘，但是这两个是独⽴的逻辑，可能出现半成功的状态，造成两
份⽇志之间的逻辑不⼀致。
如果在将  redo log 刷⼊到磁盘之后，  MySQL  突然宕机了，⽽  binlog  还没有来得及写⼊ 。MySQL 重启后，
通过  redo log 能将  Buffer  Pool 恢复到新值，但是  binlog  ⾥⾯没有记录这条更新语句，在主从架构中，
binlog  会被复制到从库，由于  binlog  丢失了这条更新语句，从库的这⼀⾏是旧值，主从不⼀致。
如果在将  binlog 刷⼊到磁盘之后，  MySQL 突然宕机了，⽽  redo log 还没有来得及写⼊ 。由于  redo log 还
没写，崩溃恢复以后这个事务⽆效，数据是旧值，⽽  binlog ⾥⾯记录了这条更新语句，在主从架构中，
binlog 会被复制到从库，从库执⾏了这条更新语句，这⼀⾏字段是新值，与主库的值不⼀致性。
所以会造成主从环境的数据不⼀致性。因为  redo log 影响主库的数据， binlog  影响从库的数据， redo "
,MySQL,两阶段提交的过程,technical,hard,"在 MySQL  的 InnoDB  存储引擎中，开启  binlog  的情况下， MySQL  会同时维护  binlog  ⽇志与  InnoDB  的 redo
log，为了保证这两个⽇志的⼀致性， MySQL  使⽤了内部  XA 事务，内部  XA 事务由  binlog  作为协调者，存储引擎
是参与者。
当客户端执⾏  commit  语句或者在⾃动提交的情况下， MySQL  内部开启⼀个  XA 事务，分两阶段来完成  XA 事务的
提交。
事务的提交过程有两个阶段， 将 redo log 的写⼊拆成了两个步骤： prepare 和 commit ，中间再穿插写⼊
binlog：
prepare  阶段：将  内部  XA 事务的  ID写⼊到  redo log，同时将  redo log 对应的事务状态设置为  prepare，然
后将  redo log 持久化到磁盘。
commit  阶段：把  内部  XA 事务的  ID写⼊到  binlog，然后将  binlog  持久化到磁盘，接着调⽤引擎的提交事务
接⼝，将  redo log 状态设置为  co"
,MySQL,有哪些执⾏引擎,technical,medium,"在MySQL中，可以通过  SHOW ENGINES;  命令查看当前数据库⽀持的存储引擎。 InnoDB是较为通⽤和常⽤的存储
引擎。
InnoDB : MySQ L默认的事务性存储引擎，⽀持事务的提交（ commit）和回滚（ rollback），提供了⾏级锁
定，⽀持外键约束和 MVCC
MyISAM : MyISAM  使⽤表级锁定 , 不⽀持事务，⽀持全⽂索引，适⽤于以读操作为主的应⽤
Memory : 将数据放在内存中，数据处理速度很快，但是当数据库重启或崩溃时，存储在内存中的数据将丢
失。"
,MySQL,数据库引擎 InnoDB 与MyISAM 的区别和适⽤场景？,technical,medium,"1. 事务⽀持
⽀持事务，具有 ACID（原⼦性、⼀致性、隔离性、持久性） 特性，适合需要数据⼀致性和完整性的
应⽤，如银⾏系统或在线购物平台。
不⽀持事务，不具备 ACID特性，适⽤于读密集、写少的场景，如博客系统或新闻⽹站。
2. 锁
3. 外键约束 :
⾏级锁，多个事务可以同时访问同⼀表的不同⾏。
表级锁，对整个表进⾏锁定，导致并发性能下降，特别是在有⼤量写操作时。
InnoDB :  ⽀持外键约束，确保数据的⼀致性和完整性。"
,MySQL,1-1 ：什么是幻读？,technical,easy,"幻读是指在同⼀个事务中，存在前后两次查询同⼀个范围的数据，但是第⼆次查询却看到了第⼀次查询没看到的
⾏。
注意，幻读出现的场景：
1. 事务的隔离级别为可重复读，且是当前读
2. 幻读仅专指新插⼊的⾏"
,MySQL,1-2 ：幻读带来的问题？,technical,easy,"1. 对⾏锁语义的破坏
2. 破坏了数据⼀致性"
,MySQL,1-4 ：为啥会出现幻读？,technical,easy,⾏锁只能锁定存在的⾏，针对新插⼊的操作没有限定
,MySQL,1-5 ：间隙锁是啥？它怎么避免出现幻读的？它引⼊了什么新的问题？,technical,hard,"间隙锁：
是专⻔⽤于解决幻读这种问题的锁，它锁的了⾏与⾏之间的间隙， 能够阻塞新插⼊的操作
间隙锁的引⼊也带来了⼀些新的问题，⽐如：降低并发度，可能导致死锁。
注意，读读不互斥，读写 /写读/写写是互斥的，但是间隙锁之间是不冲突的，间隙锁会阻塞插⼊操作
另外，间隙锁在可重复读级别下才是有效的
间隙锁和  next-key lock：
⾏锁和间隙锁合称   next-key lock，这个锁是左开右闭的区间。
MySQL  为了解决幻读问题，在线程更新数据并  next-key lock 的过程中，⾸先必须在可重复读的隔离级别下，执⾏ 以
下的原则和优化：
原则：
原则  1：加锁的基本单位是  next-key lock，next-key lock 是前开后闭区间。
原则  2：查找过程中访问到的对象才会加锁。
优化：
优化  1：索引上的等值查询，给唯⼀索引加锁的时候， next-key lock 退化为⾏锁，如果不存在这个索引，退化为间
隙锁。
优化   2：索引上的等值查询，向右遍历时且最后⼀个值不满⾜等值条件的时候， next-key  lock  退化为间隙锁。
注意：
SE"
,MySQL,"为什么  rr 能实现可重复读⽽  rc 不能,分两种情况",technical,easy,"（1） 快照读的情况下：
rr不能更新事务内的  up_limit_id  ,⽽ rc 每次会把  up_limit_id  更新为快照读之前最新已提交事务的  transaction  id,"
,MySQL,2-5 ：char 和 varchar  的区别？,technical,easy,"char 是固定⻓度类型，⽐如：定义  char(10)，当你输⼊ ”abc”三个字符的时候，它们占的空间还是  10 个字节，其 他
7 个是空字节。 varchar ⻓度可变"
,MySQL,2-6 ：MySQL抖⼀下是什么意思？,technical,medium,"因为运⾏的不正常了，或者不稳定了，要花费更多的资需源处理别的事情，会使 SQL语句的执⾏效率明显变慢。
针对innoDB导致MySQ L抖的原因，主要是 InnoDB 会在后台刷脏⻚，⽽刷脏⻚的过程是要将内存⻚写⼊磁盘。所
以，⽆论是你的查询语句在需要内存的时候可能要求淘汰⼀个脏⻚，还是由于刷脏⻚的逻辑会占⽤  IO 资源并可能
影响到了你的更新语句，都可能是造成你从业务端感知 MySQL“抖”了⼀下的原因。"
,MySQL,2-7 ：MySQL抖⼀下有啥问题？,technical,easy,很明显系统不稳定，性能突然下降对业务端是很不友好的
,MySQL,2-8 ：怎么让 MySQL不抖？,technical,easy,"设置合理参数配配置，尤其是设置   好innodb_io_capacity   的值，并且平时要多关注脏⻚⽐例，不要让它经常接近
75%
3. 脏⻚"
,MySQL,3-1 ：啥是脏⻚？,technical,easy,当内存数据⻚跟磁盘数据⻚内容不⼀致的时候，我们称这个内存⻚为 “脏⻚”。
,MySQL,3-2 ：啥是⼲净⻚？,technical,easy,内存数据写⼊到磁盘后，内存和磁盘上的数据⻚的内容就⼀致了，称为 “⼲净⻚ ”。
,MySQL,3-3 ：脏⻚是咋产⽣的？,technical,easy,因为使⽤了 WAL技术，这个技术会把数据库的随机写转化为顺序写，但副作⽤就是会产⽣脏⻚。
,MySQL,3-4 ：啥是随机写？为啥那么耗性能？,technical,easy,"随机写我的理解是，这次写磁盘的那个扇区和上⼀次没啥关系，需要重新定位位置，机械运动是很慢的即使不是机
械运动重新定位写磁盘的位置也是很耗时的。"
,MySQL,3-6 ：啥是顺序写？,technical,easy,"顺序写我的理解是，这次写磁盘那个扇区就在上⼀次的下⼀个位置，不需要重新定位写磁盘的位置速度当然会快⼀
些。"
,MySQL,3-7 ：WAL怎么把随机写转化为顺序写的？,technical,easy,"写redolog是顺序写的，先写 redolog等合适的时候再写磁盘，间接的将随机写变成了顺序写，性能确实会提⾼不
少。"
,MySQL,3-8 ：为啥删除了表的⼀半数 8据，表⽂⽂件⼤⼩没变化？   、,technical,easy,"因为delete 命令其实只是把记录的位置，或者数据⻚标记为了 “可复⽤ ”，但磁盘⽂件的⼤⼩是不会变的。也可以认
为是⼀种逻辑删除，所以物理空间没有实际释放，只是标记为可复⽤，表⽂件的⼤⼩当然是不变的啦！
alter table t engine=InnoDB
optimize  table t( 等于  recreate +analyze)。"
,MySQL,4-1 ：表的数据信息存在哪⾥？,technical,easy,"表数据信息可能较⼩也可能巨⼤⽆⽐，可以存储在共享表空间⾥，也可以单独存储在⼀个以 .ibd为后缀的⽂件⾥，
由参数  innodb _file_per_table 来控制，建议总是作为⼀个单独的⽂件来存储，这样⾮常容易管理，并且在不需要
的时候，使⽤  drop table 命令也能直接把对应的⽂件删除，如果存储在共享空间之中即使表删除了空间也不会释
放。"
,MySQL,4-3 ：如何才能删除表数据后，表⽂件⼤⼩就变⼩？,technical,easy,"重建表，消除表因为进⾏⼤量的增删改操作⽽产⽣的空洞，使⽤如下命令：
5. Count"
,MySQL,5-1 ：空洞是啥？咋产⽣的？,technical,easy,"空洞就是那些被 标记可复⽤但是还没被使⽤的存储空间 。
使⽤delete命令删除数据会产⽣空洞，标记为可复⽤
插⼊新的数据可能引起⻚分裂，也可能产⽣空洞
修改操作，有时是⼀种先删后插的动作也可能产⽣空洞
按照效率排序的话：
count(字段 ) < count( 主键  id) < count(1) ≈ count(*)"
,MySQL,5-2 ：count(*) 这么慢，我该怎么办？,technical,easy,要么忍，要么⾃⼰动⼿记录。。。  5-3：
,MySQL,count() 的语义是啥？,technical,medium,"⾸先，不同的存储引擎实现⽅式不同
MyISAM  引擎把⼀个表的总⾏数存在了磁盘上，因此执⾏   count(* )  的时候会直接返回这个数，效率很⾼；
⽽ InnoDB  引擎就麻烦了，它执⾏  count(*)  的时候，需要把数据⼀⾏⼀⾏地从引擎⾥⾯读出来，然后累积计数。
以下针对 innodb来说
select city,name,age from t where city='杭州' order by name limit 1000; count( ) 是⼀个聚合函数，对于返回的结果集，⼀⾏⾏地判断，如果  count  函数的参数不是  NULL，累计值就加  1，
否则不加，最后返回累计值。"
,MySQL,5-5 ：count(主键  id)怎么计数？,technical,easy,"对于  count(主键  id) 来说， InnoDB  引擎会遍历整张表，把每⼀⾏的  id 值都取出来，返回给  server  层。
server  层拿到  id 后，判断是不可能为空的，就按⾏累加。从引擎返回的  主键id 会涉及到解析数据⾏，以及拷⻉字 段
值的操作。"
,MySQL,5-5 ：count(1) 怎么计数？,technical,easy,"对于  count(1) 来说， InnoDB 引擎遍历整张表，但不取值。 server 层对于返回的每⼀⾏，放⼀个数字 “1”进去，判
断是不可能为空的，按⾏累加。"
,MySQL,5-6 ：count(*) 怎么计数？,technical,easy,"对于count(*)来说，并不会把全部字段取出来，⽽是专⻔做了优化，不取值。
count(*)  肯定不是  null，按⾏累加。
这些count() 的原则如下：
server  层要什么就给什么；
InnoDB 只给必要的值；
现在的优化器只优化了   count(* )   的语义为 “取⾏数 ”，其他 “显⽽易⻅ ”的优化并没有做。
6. 查询效率"
,MySQL,6-1 ：order  by 是怎样⼯作的？,technical,easy,"example ：
涉及到⽤户语句的排序， mysql  会给每个线程分配⼀块内存⽤于排序，也就是  sort_buffer。
这条语句的执⾏逻辑是："
,MySQL,6-2 ：如何正确地显示随机消息？,technical,easy,"example ：
英语学习  App ⾸⻚有⼀个随机显示单词的功能，也就是根据每个⽤户的级别有⼀个单词表，然后这个⽤户每次访
问⾸⻚的时候，都会随机滚动显示三个单词。他们发现随着单词表变⼤，选单词这个逻辑变得越来越慢，甚⾄影响"
,MySQL,6-5 ：为什么临时表可以重名？,technical,medium,"在实际应⽤中，临时表⼀般⽤于处理⽐较复杂的计算逻辑。
由于临时表是每个线程⾃⼰可⻅的，所以不需要考虑多个线程执⾏同⼀个处理逻辑时，临时表的重名问题。在线程
退出的时候，临时表也能⾃动删除，省去了收尾和异常处理的⼯作。
在 binlog_format='row’的时候，临时表的操作不记录到  binlog 中，也省去了不少麻烦，防⽌出现主备不⼀致的情
况
这⾥说到的临时表是⽤户临时表，⽽不是内存临时表"
,MySQL,"6-5：有⼀个联合索引 (A,B,C),select  * from test where  a,c会不会使⽤索引？",technical,easy,"不会，根据索引的创建过程，这棵  b+ 树的叶⼦节点的记录以及  ⼆级索引记录  是按照  abc 的规则来排序的，也就 是
说，先按照  a的⼤⼩来排序， a 相等的情况下，再按照  b 的⼤⼩来排序， b 相等的话，最后再是  c 。这样的话， 符
合 where 条件的  记录不⼀定相邻，
也就是说，并不能在某⼀个区间中找，还是得⼀条条找，查询效率并没有变⾼。"
,MySQL,这边有个数据库 -单表1千万数据，未来 1年还会增⻓多 500万，性能⽐较慢，说下你的优化思路？,technical,easy,"思路：
千万不要⼀上来就说分库分表，这个是最忌讳的事项，⼀定要根据实际情况分析，两个⻆度思考
不分库分表：
（1） 软优化：
1. 数据库参数调优
2. 分析慢查询 SQL语句，分析执⾏计划，进⾏ sql改写和程序改写
3. 优化数据库索引结构
4. 优化数据表结构优化
5. 引⼊NOSQL和程序架构调整"
,MySQL,排它锁和共享锁是什么，有什么区别？,technical,medium,"排它锁也叫独占锁、写锁或  X 锁，锁定的数据只允许进⾏锁定操作的事务使⽤，其他事务⽆法对已锁定的数
据进⾏查询或修改。当我们对数据进⾏更新的时候，也就是 INSER T、DELETE或者UPDATE的时候，数据库也
会⾃动使⽤排它锁，防⽌其他事务对该数据⾏进⾏操作。
共享锁也叫读锁或  S 锁 ，锁定的资源可以被其他⽤户读取，但不能修改。在进⾏ SELECT 的时候，会将对象进
⾏共享锁锁定，当数据读取完毕之后，就会释放共享锁，这样就可以保证数据在读取时不被修改。"
,MySQL,MySQL的⾏级锁有哪些？作⽤是什么？,technical,medium,"Record Lock 记录锁，仅仅把⼀条记录锁上，记录锁分为排他锁和共享锁。
Gap Lock 间隙锁，锁定⼀个范围，但是不包含记录本身，只存在于可重复读隔离级别，⽬的是为了解决可重
复读隔离级别下幻读的现象。间隙锁之间是兼容的，两个事务可以同时持有包含共同间隙范围的间隙锁，并不
存在互斥关系。
Next-Key Lock 临键锁： Record  Lock  + Gap Lock  的组合，锁定⼀个范围，并且锁定记录本身。 next-key
lock  即能保护该记录，⼜能阻⽌其他事务将新纪录插⼊到被保护记录前⾯的间隙中。"
,MySQL,数据库悲观锁和乐观锁的原理和使⽤场景有哪些？,technical,easy,"1、乐观锁
认为对同⼀数据的并发操作不会总发⽣ ，属于⼩概率事件， 不⽤每次都对数据上锁 ，也就是不采⽤数据库⾃身的锁
机制，⽽是通过程序来实现。在程序上，我们可以采⽤ 版本号机制或者时间戳机制 实现。"
,MySQL,执⾏⼀条 select语句，发⽣了什么？,technical,medium,"连接器：跟客户端建⽴连接、获取权限、维持和管理连接。
查询缓存：查询语句如果命中查询缓存则直接返回，否则继续往下执⾏。 MySQL 8.0 已删除该模块；
解析  SQL，通过解析器对  SQL 查询语句进⾏词法分析、语法分析，然后构建语法树。
执⾏  SQL：执⾏  SQL 共有三个阶段：
预处理阶段：检查表或字段是否存在；将  中的  符号扩展为表上的所有列。
优化阶段：基于查询成本的考虑，   选择查询成本最⼩的执⾏计划；
执⾏阶段：根据执⾏计划执⾏  SQL 查询语句，从存储引擎读取记录，返回给客户端；"
,MySQL,数据库的事务隔离级别有哪些？【常考】,technical,medium,"1. 读未提交（ Read  Uncommitted ）：
允许⼀个事务读取另⼀个事务尚未提交的数据修改。
最低的隔离级别，存在脏读、不可重复读和幻读的问题。
2. 读已提交（ Read  Committed ）：
⼀个事务只能读取已经提交的数据。其他事务的修改在该事务提交之后才可⻅。
解决了脏读问题，但仍可能出现不可重复读和幻读。
3. 可重复读（ Repeatable  Read）：
事务执⾏期间，多次读取同⼀数据会得到相同的结果，即在事务开始和结束之间，其他事务对数据的修
改不可⻅。
解决了不可重复读问题，但仍可能出现幻读。
4. 序列化（Serializable ）：
最⾼的隔离级别，确保事务之间的并发执⾏效果与串⾏执⾏的效果相同，即不会出现脏读、不可重复读
和幻读。"
,MySQL,为什么 MySQL索引使⽤ B+树,technical,medium,"B+树的⾮叶⼦节点不存放实际的记录数据，仅存放索引，所以 数据量相同的情况下，相⽐存储即存索引⼜存
记录的  B 树，B+树的⾮叶⼦节点可以存放更多的索引，因此  B+ 树可以⽐  B 树更「矮胖」，查询底层节点的
磁盘  I/O次数会更少 。
B+ 树有⼤量的冗余节点（所有⾮叶⼦节点都是冗余索引），这些冗余索引让  B+ 树在插⼊、删除的效率都更
⾼，⽐如删除根节点的时候，不会像  B 树那样会发⽣复杂的树的变化；
select *
*
B+ 树叶⼦节点之间⽤链表连接了起来，有利于范围查询，⽽  B 树要实现范围查询，因此只能通过树的遍历来
完成范围查询，这会涉及多个节点的磁盘  I/O 操作，范围查询效率不如  B+ 树。"
,MySQL,可以对数据库表做那些优化？,technical,medium,"1. 合理使⽤数据库分表
对于⼀些特别⼤的表，可以考虑将其拆分成多个⼦表，从⽽更好地管理数据。
2. 建⽴索引
在经常被查询的列上建⽴索引，提⾼查询性能。但是也要注意过多的索引影响插⼊、更新和删除的性能。
3. 避免使⽤
只选择需要的列⽽不是使⽤ SELECT *
4. 选择合适的数据类型
尽量使⽤ TINYINT ，SMALLINT ，MEDIUM_INT 替代INT类型，如果是⾮负则加上 UNSIGNED
VARCHAR 的⻓度只分配真正需要的空间"
,MySQL,什么是慢查询？原因是什么？可以怎么优化？【常考】,technical,medium,"数据库查询的执⾏时间超过指定的超时时间时（ long_query_time：默认 10秒  ），就被称为慢查询。
原因：
查询语句⽐较复杂：查询涉及多个表，包含复杂的连接和⼦查询，可能导致执⾏时间较⻓。
查询数据量⼤：当查询的数据量庞⼤时，即使查询本身并不复杂，也可能导致较⻓的执⾏时间。
缺少索引：如果查询的表没有合适的索引，需要遍历整张表才能找到结果，查询速度较慢。
数据库设计不合理：数据库表设计庞⼤，查询时可能需要较多时间。
并发冲突：当多个查询同时访问相同的资源时，可能发⽣并发冲突，导致查询变慢。
硬件资源不⾜：如果 MySQL服务器上同时运⾏了太多的查询，会导致服务器负载过⾼，从⽽导致查询变慢
优化：
1. 运⾏语句，找到慢查询的 sql
2. 查询区分度最⾼的字段
3. explain：显示 mysq l如何使⽤索引来处理 select语句以及连接表，可以帮助选择更好的索引、写出更优化的查
询语句
4. order by limit 形式的 sql语句，让排序的表优先查
5. 考虑建⽴索引原则
6. 了解业务使⽤场景"
,MySQL,跳表的查找过程？,technical,hard,"查找⼀个跳表节点的过程时，跳表会从头节点的最⾼层开始，逐⼀遍历每⼀层。在遍历某⼀层的跳表节点时，会⽤
跳表节点中的  SDS 类型的元素和元素的权重来进⾏判断：
如果当前节点的权重⼩于要查找的权重时，跳表就会访问该层上的下⼀个节点。
如果当前节点的权重等于要查找的权重时，并且当前节点的  SDS 类型数据⼩于要查找的数据时，跳表就会访 问
该层上的下⼀个节点。
如果上⾯两个条件都不满⾜，或者下⼀个节点为空时，跳表就会使⽤⽬前遍历到的节点的  level 数组⾥的下⼀层指
针，然后沿着下⼀层指针继续查找。
7.
quicklist 就是双向链表  + 压缩列表组合， quicklist  就是⼀个链表，⽽链表中的每个元素⼜是⼀个压缩列
表。  quicklist  解决办法，通过控制每个链表节点中的压缩列表的⼤⼩或者元素个数，来规避连锁更新的问题。
因为压缩列表元素越少或越⼩，连锁更新带来的影响就越⼩，从⽽提供了更好的访问性能。
8.
listpack 没有压缩列表中记录前⼀个节点⻓度的字段， listpack 只记录当前节点的⻓度，当我们向  listpack 加⼊⼀
个新元素的时候，"
,Redis,什么是 Redis主从复制,technical,easy,"主从复制将⼀个 Redis服务器的数据复制到其他服务器，其中⼀个被视为主节点（ master），⽽其他的是从节点
（slave）
主服务器上可以进⾏读写操作，当发⽣写操作时⾃动将写操作同步给从服务器
从服务器⼀般只读，并接受主服务器同步过来写操作命令，然后执⾏这条命令。"
,Redis,Redis哨兵机制是什么,technical,easy,"Redis的哨兵⽤于监控和管理 Redis实例，它可以实现⾃动故障转移和⾼可⽤性。哨兵系统由⼀组独⽴运⾏的进程组
成，这些进程定期检查 Redis主节点和从节点的状态，并在主节点宕机时选择⼀个从节点升级为新的主 节点。"
,Redis,如何避免主从数据的不⼀致,technical,easy,"持久化和复制配置：确保在主节点和从节点上都启⽤了持久化（如 RDB快照和 AOF⽂件）以及复制配置。这样
可以保证从节点在重启后能够通过持久化⽂件进⾏数据的完整恢复。
保证⽹络稳定性：确保主节点和从节点之间的⽹络连接是稳定的，⽐如让主从节点处于同⼀机房，降低⽹络延
迟
监控和报警：使⽤监控系统来实时监测主从节点的状态，包括复制延迟、连接状态等。设置报警机制。"
,Redis,什么是集群脑裂,technical,medium,"如果主节点的⽹络突然发⽣了问题与所有的从节点都失联了，但此时的主节点和客户端的⽹络是正常的，客户端不
知道集群内部已经出现了问题，还在向这个失联的主节点写数据，此时这些数据被主节点缓存到了缓冲区⾥。哨兵
也发现主节点失联了，就会在从节点中选举出⼀个 leader作为主节点，会导致集群有两个主节点。
⽹络恢复后哨兵因为之前已经选举出⼀个新主节点了，它就会把旧主节 点降级，然后从旧主节点会向新主节点请求
数据同步， 因为第⼀次同步是全量同步的⽅式，旧主节点会清空掉⾃⼰本地的数据。客户端在过程之前写⼊的数据
就会丢失了 。所以脑裂会导致集群数据的丢失。"
,Redis,Redis过期删除策略是什么,technical,medium,"Redis 选择「惰性删除 +定期删除」这两种策略配和使⽤ ，以求在合理使⽤  CPU 时间和避免内存浪费之间取得平
衡。
1. 惰性删除依据 expireIfNeeded  函数来实现，每次返回或者修改 key之前，都会调⽤该函数检查 key 是否过期
如果过期，删除该 key, lazyfree_lazy_expire  参数决定是同步删除还是异步删除，然后返回 null 给
客户端
如果没有过期，则返回正常的键给客户端
2. 定期删除的做法是 每隔⼀段时间「随机」从数据库中取出⼀定数量的   key 进⾏检查，并删除其中的过期
key。
默认每隔 10s检查⼀次数据库，配置键为  hz: 10"
,Redis,什么是缓存雪崩,technical,hard,"缓存雪崩：在某个时间点，缓存中的⼤量数据同时失效，⼤量请求都需要重新计算或重新获取数据，数据库压⼒剧
增。这可能是由于缓存的过期时间设置相近，导致在某个时间点同时失效。或者 Redis故障宕机。
1. ⼤量数据同时过期
针对⼤量数据同时过期⽽引发缓存雪崩问题，常⻅的应对⽅法有以下⼏种：
均匀设置过期时间 : 避免将⼤量数据设置成同⼀个过期时间，可以给这些数据的过期时间加⼀个随机数。
互斥锁：如果发现访问的数据不在  Redis ⾥，就加个互斥锁，保证同⼀时间内只有⼀个请求来构建缓存
后台更新缓存：让缓存 “永久有效 ”，并将更新缓存的⼯作交由后台线程定时更新。
2. Redis故障宕机
针对  Redis  故障宕机⽽引发的缓存雪崩问题，常⻅的应对⽅法有下⾯这⼏种：
服务熔断或请求限流机制：
服务熔断：暂停业务应⽤对缓存服务的访问，直接返回错误
请求限流：只将少部分请求发送到数据库进⾏处理，再多的请求就在⼊⼝直接拒绝服务
构建 Redis缓存⾼可靠集群：
通过主从节点的⽅式构建  Redis  缓存⾼可靠集群 ，
如果   Redis   缓存的主节点故障宕机，从节点可以切换成为主节点"
,Redis,什么是缓存击穿,technical,easy,"缓存击穿：当某个 “热点数据 ”过期时，⼤量并发请求查询这个缓存不存在的数据时，导致请求直接访问数据库，增
加数据库的负载。缓存击穿是缓存雪崩的⼀个⼦集，可以使⽤前⾯说到的⽅案，添加互斥锁或者后台更新缓存。"
,Redis,什么是缓存穿透,technical,easy,"缓存穿透要访问的数据 既不在缓存中，也不在数据库中 ，这样就⽆法构建缓存数据，后续所有的请求都会向数据库
查找，增加数据库的负载。
出现缓存穿透⼀般是因为以下两种原因：
业务误操作，缓存中的数据和数据库中的数据都被误删除了
恶意攻击，通过构造不存在的  key ⼤量访问缓存，导致对数据库的频繁查询。
对应的解决办 法 3种："
,Redis,"什么是 Redis , 具有哪些特点",technical,easy,"Redis是⼀个基于内存的数据库， 读写速度⾮常快，通常被⽤作缓存 、消息队列、分布式锁和键值存储数据库。它
⽀持多种数据结构，如字符串、哈希表、列表、集合、有序集合等，  Redis 还提供了分布式特性，可以将数据分布
在多个节点上，以提⾼可扩展性和可⽤性。"
,Redis,为什么 Redis是单线程,technical,medium,"Redis单线程指的是：⽹络请求模块使⽤单线程进⾏处理，其他模块仍⽤多个线程，单线程减少了上下⽂切换的开
销，也减少了资源竞争⽽导致的锁的问题，提升了整体性能。
官⽅答案是：因为 CPU不是Redis的瓶颈， Redis的瓶颈最有可能是机器内存或者⽹络带宽。既然单线程容易实现，
⽽且CPU不会成为瓶颈，那就顺理成章地采⽤单线程的⽅案了。
Redis为什么⼜要引⼊多线程呢
因为 Redis的瓶颈不在内存，⽽是在⽹络 I/O模块带来 CPU的耗时，所以 Redis6.0的多线程是⽤来处理⽹络 I/O这部
分，充分利⽤ CPU资源，减少⽹络 I/O阻塞带来的性能损耗。 Redis引⼊的多线程  I/O 特性对性能提升⾄少是⼀倍以
上。"
,Redis,Redis与MySQL的区别是什么,technical,medium,"Redis基于键值对，⽀持多种数据结构；⽽ MySQL是⼀种关系型数据库，使⽤表来组织数据。
Redis将数据存在内存中，通过持久化机制将数据写⼊磁盘， MySQL通常将数据存储在磁盘上。
Redis不使⽤ SQL，⽽是使⽤⾃⼰的命令集， MySQL使⽤SQL来进⾏数据查询和操作。
Redis以⾼性能和低延迟为⽬标，适⽤于读多写少的应⽤场景， MySQL 适⽤于需要⽀持复杂查询、事务处
理、拥有⼤规模数据集的场景。
Redis 更适合处理⾼速、⾼并发的数据访问，以及需要复杂数据结构和功能的场景，在实际应⽤中，很多系统会同
时使⽤  MySQL 和 Redis。"
,Redis,什么是 Redis事务,technical,hard,"在  Redis   中，事务是⼀组命令的有序执⾏序列，它们被⼀起执⾏，⽽在执⾏期间不会被其他客户端的命令打断。
Redis 使⽤  MULTI 和 EXEC 命令来实现事务。
基本流程如下：
MULTI： 开始⼀个事务，标记事务的开始。
在 MULTI  和 EXEC  之间，可以输⼊多个  Redis  命令。这些命令并不会⽴即执⾏，⽽是放⼊⼀个队列中，等待
执⾏。
EXEC： 执⾏所有在  MULTI  和 EXEC  之间输⼊的命令。这些命令作为⼀个事务⼀起执⾏，⽽且是按照顺序执
⾏的。如果在  EXEC  之前发⽣错误，整个事务会被取消。
如果事务执⾏成功，客户端会收到⼀个包含所有命令执⾏结果的数组。
如果事务执⾏失败（ ⽐如在  MULTI  和 EXEC  之间发⽣了错误），那么事务中的所有命令都不会被执⾏， Redis
将回滚到  MULTI 命令执⾏之前的状态。
在事务中，还可以使⽤  WATCH  命令来监视⼀个或多个键。如果在事务执⾏期间监视的键被其他客户端修改了，事
务就会被取消，从⽽确保事务执⾏的原⼦性。
SET lock_key unique_value N"
,Redis,PSYNC 缓存中的热点数据和冷数据是什么,technical,easy,"热数据指的就是访问次数较多的数据
冷数据就是访问很少或者从不访问的数据
只有热数据，缓存才有价值。"
,Redis,Redis集群模式有哪些,technical,medium,"主从复制：将⼀个 Redis实例的数据复制到其他实例，其中⼀个是主节点，其余是从节点。主节点将写操作传
播到所有从节点。
哨兵：监控 Redis实例的状态，发现主节点的故障并⾃动进⾏故障转移。
切⽚集群：将数据分布在不同的服务器上，以此来降低系统对单主节点的依赖
Redis的哨兵是⽤来做什么的
Redis哨兵⽤于监控 Redis实例的状态，发现主节点的故障并⾃动进⾏故障转移。
监控：监控  Redis 主服务器和从服务器的状态，包括连接状态、是否能够执⾏命令、是否有持久性问题等
故障转移：当  Sentinel （哨兵）发现主服务器不可⽤时（⽐如宕机）， 它会通过⼀定的选举机制选择⼀个从
服务器升级为新的主服务器，然后通知其他从服务器将其切换到新的主服务器。"
,Redis,如何保证数据库和缓存的⼀致性【常问】,technical,hard,"Cache  Aside
原理：先从缓存中读取数据，如果没有就再去数据库⾥⾯读数据，然后把数据放回缓存中，如果缓存中可以找
到数据就直接返回数据；更新数据的时候先把数据持久化到数据库，然后再让缓存失效。
问题：假如有两个操作⼀个更新⼀个查询，第⼀个操作先更新数据库，还没来及删除数据库，查询操作可能拿
到的就是旧的数据；更新操作⻢上让缓存失效了，所以后续的查询可以保证数据的⼀致性；还有的问题就是有
⼀个是读操作没有命中缓存，然后就到数据库中取数据，此时来了⼀个写操作，写完数据库后，让缓存失效，
然后，之前的那个读操作再把⽼的数据放进去，也会造成脏数据。
可⾏性：出现上述问题的概率其实⾮常低，需要同时达成读缓存时缓存失效并且有并发写 的操作。数据库读写
要⽐缓存慢得多，所以读操作在写操作之前进⼊数据库，并且在写操作之后更新，概率⽐较低。
Read/Write  Through
原理：Read/Write    Through原理是把更新数据库（ Repository ）的操作由缓存代理，应⽤认为后端是⼀个单
⼀的存储，⽽存储⾃⼰维护⾃⼰的缓存。
Read Through ：就是在查询操作中"
,Redis,Redis过期删除策略有哪些,technical,easy,"定时删除：设置  key 的过期时间，当时间到达时，⾃动执⾏  key 的删除操作。
惰性删除：  每次从数据库访问  key 时，都检测  key 是否过期，如果过期则删除该  key。
定期删除： 每隔⼀段时间「随机」从数据库中取出⼀定数量的  key 进⾏检查，并删除其中的过期 key。"
,Redis,为什么使⽤  volatile  关键字修饰了  uniqueInstance  实例变量？,technical,medium,"这段代码执⾏时分为三步：
1. 为 uniqueInstance  分配内存空间
2. 初始化uniqueInstance
3. 将 指向分配的内存地址
正常的执⾏顺序当然是  1>2>3  ，但是由于  JVM 具有指令重排的特性，执⾏顺序有可能变成  1>3>2。
单线程环境时，指令重排并没有什么问题；多线程环境时，会导致有些线程可能会获取到还没初始化的实例。
例如：线程 A 只执⾏了  1 和 3 ，此时线程 B来调⽤  getUniqueInstance()  ，发现  不为空，便
获取
解决办法就是加⼀个  实例，但是其实此时的
关键字修饰  还没有初始化。
， volatile  会禁⽌  JVM 的指令重排，就可以保
证多线程环境下的安全运⾏。
优点：
延迟实例化，节约了资源；线程安全；并且相对于线程安全的懒汉式，性能提⾼了。
缺点：
volatile   关键字，对性能也有⼀些影响。"
,计算机组成原理,设计模式了解吗？有哪些设计原则需要遵守？,technical,easy,"单⼀职责
在设计类的时候要尽量缩⼩粒度，使功能明确、单⼀，不要做多余的事情（⾼内聚，低耦合 ）
单⼀职责下的类会⽐较⼩⽽精悍，需要使⽤结构性模式组合复⽤他们
开闭原则
⼀个类应该对扩展开发，对修改关闭
关键是要做好封装，隐藏内部的实现细节，开发⾜够的接⼝，这样⼦外部的代码就只能通过接⼝去扩展功能，不需"
,计算机组成原理,字。那么对于字符该如何表示？,technical,medium,"通过计算机领域的⾄理名⾔： 计算机科学领域的任何问题都可以通过增加⼀个间接的中间层来解决。
我们通过在字符和⼆进制编码之间嵌套⼀个数字编号，通过数字编号，就能实现字符、⼆进制编码之间的关系绑
定。
// Display: Temperature is 25.5
// Logger: Logging temperature data - 25.5
}
}
像这样收录了很多的字符并⾏⼀⼀编号得到的⼀个对照表，我们称之为字符集。从⼆进制  -> 字符  称为解码，从字 符"
,计算机组成原理,何运⾏这个可执⾏⽂件呢？,technical,medium,"在 linux 系统上运⾏可执⾏程序：打开⼀个  shell 程序，然后在  shell 中输⼊相应可执⾏程序的⽂件名。
shell 是⼀个命令解释程序，它输出⼀个提示符  > 来等待⼀个命令⾏的输⼊，然后执⾏这个命令，如果该命令⾏的
第⼀个单词不是内置的  shell 命令，那么  shell 就会假设这是⼀个可执⾏⽂件的名字，对这个⽂件进⾏加载并运
⾏。
在这个例⼦中， shell 加载并且运⾏  hello 程序，屏幕上显示  hello,world 内容， hello 程序运⾏结束并退出， shell
继续等待下⼀个命令的输⼊。"
,计算机组成原理,如何设计⼀个本地缓存,technical,hard,"想要设计⼀个本地缓存，考虑点主要在数据⽤何种⽅式存储，能存储多少数据，多余的数据如何处理等⼏个点，下
⾯我们来详细的介绍每个考虑点：
1. 数据结构
⾸要考虑的就是数据该如何存储，⽤什么数据结构存储。最简单的就直接⽤ Map来存储数据，或者复杂的如
redis⼀样提供了多种数据类型哈希，列表，集合，有序集合等，底层使⽤了双端链表，压缩列表，集合，跳
跃表等数据结构。
2. 对象上限
因为是本地缓存，内存有上限，所以⼀般都会指定缓存对象的数量⽐如 1024，当达到某个上限后需要有某种
策略去删除多余的数据。
3. 清除策略
上⾯说到当达到对象上限之后需要有清除策略，常⻅的⽐如有 LRU(最近最少使⽤ )、FIFO (先进先出 )、LFU(最
近最不常⽤ )、SOFT (软引⽤ )、WEAK (弱引⽤ )等策略。
4. 过期时间
除了使⽤清除策略，⼀般本地缓存也会有⼀个过期时间设置，⽐如 redis可以给每个 key设置⼀个过期时间，这
样当达到过期时间之后直接删除，采⽤清除策略 +过期时间双重保证。
5. 线程安全
像redis是直接使⽤单线程处理，所以就不存在线程安全问题。⽽我们现在提"
,计算机组成原理,如何设计⼀个 RPC框架,technical,hard,"1. 定义RPC接⼝：   定义服务接⼝及其⽅法。这是 RPC的核⼼，决定了客户端可以调⽤哪些⽅法。
2. 选择通信协议：  选择合适的通信协议，如 HTTP/REST 、TCP、UDP等。不同的协议有不同的优劣势，取决于
你的应⽤需求。
3. 选择序列化协议：    选择序列化协议，将数据转换为字节流以在⽹络上传输。常⻅的有 JSON、Protobuf 、
Thrift等。考虑效率、可读性和平台兼容性。
4. 实现远程调⽤：  实现将 RPC请求发送到远程服务并接收响应的机制。这可能涉及到⽹络通信、数据解析和错
误处理。
5. 服务注册与发现：    提供服务注册中⼼，使服务能够动态注册和发现。 Zookeeper 、Consul、etcd等⼯具可以
⽤于服务注册与发现。
6. 负载均衡：   实现负载均衡机制，确保请求在多个服务节点之间分布均匀。常⻅的负载均衡算法有轮询、随 机、
最⼩连接数等。
7. 安全性：   考虑数据在传输中的安全性，可以使⽤加密协议（如 TLS/SSL ）来保护通信。
8. 错误处理：  设计良好的错误处理机制，包括定义错误码、异常传播和⽇志记录。确保客户"
