name,category,replacement_pressure_base,leverage_base,reasoning
AI,algorithm_ai,40,75,AI能辅助调研但核心研究方向仍需人类深度判断
AutoML,algorithm_ai,65,40,AutoML工具已高度自动化但最终模型目标与业务对齐需人类
BERT,algorithm_ai,55,50,BERT应用有成熟工具但微调策略与数据设计仍需专业判断
CNN,algorithm_ai,50,55,CNN架构有AI辅助但业务场景适配和创新设计需人类
GPU训练,algorithm_ai,45,55,训练配置AI可辅助但分布式策略和调优需人类经验积累
Kaldi,algorithm_ai,35,65,专业语音框架小众且深度定制性强人类调优价值高
LLM微调,algorithm_ai,35,75,微调高度依赖人类对数据质量和任务目标的判断
MLflow,algorithm_ai,60,40,实验管理AI可大部分自动化但指标设计和决策需人类
NLP,algorithm_ai,50,55,NLP任务AI辅助广但业务特定场景理解仍需人类
NLP基础,algorithm_ai,55,45,基础NLP任务AI工具覆盖广人类判断在边界情况有增值
OpenAI Gym,algorithm_ai,50,55,环境搭建AI可辅助但奖励函数和实验设计需人类创造
OpenCV,algorithm_ai,60,45,图像处理代码AI可生成但业务适配场景需人类判断
Prompt Engineering,algorithm_ai,30,85,Prompt设计本质是人类理解力和创造力的体现AI无法自替代
PyTorch,algorithm_ai,55,50,AI能写PyTorch代码但模型架构设计和调试需人类
Transformers,algorithm_ai,50,55,框架使用AI辅助但架构创新和训练策略需人类
传感器融合,algorithm_ai,30,75,多模态融合算法设计需深厚领域经验和安全判断
信息检索,algorithm_ai,55,50,检索算法AI能辅助但系统设计和排序策略需人类
分布式训练,algorithm_ai,35,70,分布式训练配置复杂且需平衡效率与成本人类经验价值高
召回算法,algorithm_ai,45,60,推荐召回设计依赖业务理解和用户行为洞察
图像处理,algorithm_ai,60,45,常规图像处理AI工具成熟但创新应用场景需人类
图形学,algorithm_ai,40,65,图形学算法AI辅助有限创新渲染效果需人类深度设计
声学模型,algorithm_ai,40,65,声学模型专业性强人类工程经验和领域知识价值高
强化学习,algorithm_ai,30,75,奖励函数设计和环境建模高度依赖人类判断
感知算法,algorithm_ai,35,70,自动驾驶感知算法需人类定义安全边界和边缘情况
排序算法,algorithm_ai,50,55,搜索排序AI辅助但业务目标权衡需人类
时序分析,algorithm_ai,55,50,时序分析AI工具较多但业务解读和异常定义需人类
机器学习,algorithm_ai,55,50,ML任务AI辅助强但业务问题转化和特征工程需人类
模型压缩,algorithm_ai,40,65,模型压缩技术专业性强部署端需求权衡需人类
模型评估,algorithm_ai,60,45,评估流程AI可自动化但评估指标选择和业务对齐需人类
深度学习,algorithm_ai,50,55,深度学习AI辅助强但架构创新和业务落地需人类
目标检测,algorithm_ai,55,50,目标检测有成熟框架但特定场景定制和数据策略需人类
相关性排序,algorithm_ai,50,55,相关性算法AI辅助但业务调优和标注策略需人类
策略优化,algorithm_ai,30,75,策略设计和优化高度依赖人类业务理解和目标定义
统计学,algorithm_ai,60,50,统计分析AI工具成熟但假设检验和结论解读需人类
规划算法,algorithm_ai,35,70,路径规划需人类定义约束条件和目标函数
语音合成,algorithm_ai,70,35,TTS工具已相当成熟端到端生成质量高人类增值有限
语音识别,algorithm_ai,65,40,ASR工具成熟但领域适配和鲁棒性调优需人类
马尔可夫决策,algorithm_ai,35,70,MDP建模需人类定义状态空间和奖励结构
A/B测试,data,55,55,AI能自动化分析但实验设计和业务决策仍需人类
BI工具,data,70,35,BI报告AI生成能力强但洞察解读和业务叙事需人类
ETL,data,65,40,ETL流程AI可自动生成脚本但复杂业务规则和数据治理需人类
Flink,data,40,65,Flink流处理架构设计和状态管理需人类深度经验
Hadoop,data,45,60,Hadoop生态配置复杂运维调优和容量规划需人类经验
Hive,data,60,40,HiveQL类SQL任务AI能力强但数仓建模需人类
Kafka,data,45,60,消息队列架构设计和容量规划需人类判断
Spark,data,50,55,Spark代码AI可辅助但性能调优和资源规划需人类
Spark Streaming,data,45,60,流处理时效性设计和容错策略需人类判断
主数据管理,data,35,70,主数据治理需业务理解和跨部门组织协调
元数据管理,data,45,60,元数据体系设计需人类制定标准和推动执行
报表开发,data,75,30,报表生成AI能力强但需求理解和可视化设计决策需人类
指标体系,data,40,70,业务指标定义和体系搭建需人类深度业务洞察
数据中台,data,25,80,数据中台建设需人类协调组织架构和业务目标
数据仓库,data,45,60,数仓架构设计需人类对业务流程的深度理解
数据分析,data,60,50,数据分析AI工具成熟但洞察生成和决策建议需人类
数据可视化,data,70,35,可视化图表AI生成能力强但叙事框架和受众选择需人类
数据建模,data,40,65,数据模型设计需人类对业务实体关系的深度理解
数据服务,data,45,60,数据服务接口设计和SLA保障策略需人类判断
数据标准,data,35,70,数据标准制定需组织协调和行业经验积累
数据治理,data,25,80,数据治理需组织制度建设和跨部门推动
数据质量,data,55,50,质量检测AI可辅助但规则制定和阈值选择需人类
画像构建,data,50,55,用户画像AI可辅助但业务洞察和特征选择需人类
维度建模,data,45,60,维度建模需人类对业务过程的深度理解
ClickHouse,database,55,50,SQL查询AI辅助强但分布式架构和调优需人类
Elasticsearch,database,55,50,ES查询AI辅助但Index设计和调优需人类经验
HBase,database,45,60,HBase数据模型设计需人类对访问模式的深度理解
MongoDB,database,60,45,NoSQL操作AI辅助强但Schema设计和索引策略需人类
MySQL,database,65,40,MySQL操作AI能力强但复杂性能调优和高可用设计需人类
Oracle,database,60,45,Oracle操作AI辅助强但DBA经验和优化器行为理解仍重要
PostgreSQL,database,65,40,PostgreSQL操作AI能力强但高级特性和调优需人类
Redis,database,60,45,Redis操作AI辅助强但缓存架构设计和淘汰策略需人类
SQLite,database,70,30,SQLite轻量数据库典型任务AI几乎可完全替代
数据库,database,55,50,数据库综合技能需人类在设计决策和架构权衡上介入
CI/CD,devops,55,50,CI/CD配置AI能辅助但流水线架构和发布策略需人类
Containerd,devops,50,55,容器运行时配置AI辅助但运维策略需人类经验
Docker,devops,65,40,Dockerfile编写AI能力强但容器编排架构仍需人类
Helm,devops,55,50,Helm Chart编写AI可辅助但版本管理和设计需人类
Istio,devops,40,65,服务网格复杂配置和流量策略需人类深度经验
Kubeflow,devops,40,65,ML流水线设计和多租户资源策略需人类判断
Linux,devops,60,45,Linux命令AI辅助强但系统调优和故障排查需人类
Linux内核,devops,25,80,内核开发极专业AI辅助有限人类深度经验不可替代
Nginx,devops,65,40,Nginx配置AI能力强但复杂反代和限流策略需人类
Prometheus,devops,60,45,监控配置AI辅助但告警指标设计和运维决策需人类
SDN,devops,30,75,SDN网络设计和策略编程需人类深度专业经验
云平台,devops,50,55,云平台服务使用AI辅助但多云架构选型需人类
云开发,devops,55,50,云开发AI工具支持强但架构设计和成本优化需人类
云架构,devops,30,75,云架构设计需人类综合判断业务需求和技术权衡
产品部署,devops,60,45,部署流程AI辅助强但发布策略和回滚决策需人类
分布式存储,devops,35,70,分布式存储设计需人类对一致性和可用性的深度权衡
容量规划,devops,40,65,容量规划需人类对业务增长和成本的综合判断
平台架构,devops,20,85,平台架构设计需人类深度经验和全局视野
微服务,devops,40,65,微服务拆分边界和服务治理需人类架构判断
技术架构,devops,20,85,技术架构设计需人类综合业务技术和团队能力
技术选型,devops,25,80,技术选型需人类对业务目标和团队成本的深度权衡
故障排查,devops,45,60,故障排查AI辅助但复杂链路的经验判断不可替代
敏捷开发,devops,30,75,敏捷开发需人类协调文化建设和团队节奏
混沌工程,devops,40,65,混沌实验设计和故障场景定义需人类创造力
监控工具,devops,60,45,监控配置AI辅助但告警策略和响应决策需人类
系统架构,devops,20,85,系统架构设计需人类深度判断（参考锚点对齐）
系统调优,devops,35,70,系统调优依赖人类对性能瓶颈的深度诊断经验
网络,devops,40,65,网络配置AI辅助但拓扑设计和故障排查需人类
网络基础,devops,45,60,网络基础知识AI可辅助但工程落地判断需人类
网络存储,devops,40,65,网络存储设计需人类对性能和可靠性的架构判断
虚拟化,devops,40,65,虚拟化方案规划和资源调度需人类经验
调度系统,devops,35,70,调度系统设计需人类对业务优先级和资源约束的深度理解
负载均衡,devops,55,50,负载均衡配置AI辅助但高可用策略和会话保持需人类
路由交换,devops,40,60,路由交换配置AI辅助但网络方案设计需人类
镜像仓库,devops,60,40,镜像仓库运维AI辅助但安全扫描策略和访问控制需人类
PR,domain_knowledge,65,40,PR稿件AI生成能力强但媒体关系和传播策略需人类
SEO,domain_knowledge,65,40,SEO优化AI辅助强但内容策略和竞争判断需人类
业务分析,domain_knowledge,45,65,业务分析需人类深入理解业务目标和利益相关方
业务理解,domain_knowledge,20,85,业务理解依赖人类关系积累和场景洞察
云平台对接,domain_knowledge,50,55,云平台API对接AI辅助但集成策略需人类
产品演示,domain_knowledge,40,70,演示材料AI可辅助但现场交互和客户洞察需人类
产品知识,domain_knowledge,30,75,产品知识AI可学习但深度应用和客户匹配需人类
人力资源,domain_knowledge,30,75,HR工作需人类判断和情感智商
人才库,domain_knowledge,55,50,人才库管理AI辅助但候选人评估和关系维护需人类
人才画像,domain_knowledge,50,55,人才画像AI辅助但评估标准和文化匹配需人类
信贷政策,domain_knowledge,25,80,信贷政策解读需人类专业判断和风险经验
公司法,domain_knowledge,35,70,法律分析AI辅助但专业判断和策略建议需律师
内容策划,domain_knowledge,55,55,内容策划AI辅助但创意方向和受众洞察需人类
内容营销,domain_knowledge,60,50,内容创作AI能力强但营销策略和品牌一致性需人类
劳动法,domain_knowledge,35,70,劳动法条款AI可检索但具体案例判断需人类
劳动法规,domain_knowledge,35,70,法规适用AI辅助但合规策略和边界判断需人类
合同法,domain_knowledge,40,65,合同分析AI辅助但风险识别和谈判策略需人类
品牌传播,domain_knowledge,45,65,品牌传播策略需人类创造力和媒体关系
品牌策略,domain_knowledge,30,75,品牌策略需人类洞察和长期资源投入判断
商业分析,domain_knowledge,45,65,商业分析AI辅助但战略洞察和利益相关方管理需人类
商业模式,domain_knowledge,25,80,商业模式设计需人类创造力和资源整合能力
培训支持,domain_knowledge,40,65,培训内容AI辅助但个性化指导和学员激励需人类
增长模型,domain_knowledge,45,65,增长模型AI辅助但驱动因素判断和优先级需人类
增长策略,domain_knowledge,30,75,增长策略需人类洞察和资源整合
增长黑客,domain_knowledge,45,65,增长实验AI辅助但创意和假设设计需人类
审计,domain_knowledge,40,65,审计流程AI辅助但专业判断和风险识别需人类
客户关系,domain_knowledge,15,90,客户关系高度依赖人类信任和情感连接
客户开发,domain_knowledge,20,85,客户开发需人类关系网络和洞察判断
客户沟通,domain_knowledge,25,80,客户沟通需人类理解力和情感智商
客户运营,domain_knowledge,40,65,客户运营AI辅助但关键决策和关系维护需人类
市场推广,domain_knowledge,60,45,市场推广AI工具成熟但创意策略和渠道判断需人类
市场洞察,domain_knowledge,35,70,市场洞察需人类综合判断行业信号和竞争格局
技术品牌,domain_knowledge,40,65,技术品牌建设需人类影响力和社区关系积累
技术文档,domain_knowledge,75,30,技术文档AI生成能力强需求理解仍需人类
技术趋势,domain_knowledge,35,70,技术趋势判断需人类深度洞察和行业资源
招投标,domain_knowledge,45,60,投标文档AI辅助但关系维护和方案定制需人类
招聘渠道,domain_knowledge,50,55,招聘渠道AI辅助但候选人关系和评估需人类
效果评估,domain_knowledge,55,50,效果评估AI辅助但评估标准制定和行动决策需人类
整合营销,domain_knowledge,45,60,整合营销策略需人类协调多渠道和品牌一致性
文档管理,domain_knowledge,75,25,文档管理AI能力强体现了数据录入类任务特点
方案撰写,domain_knowledge,65,40,方案写作AI能力强但客户定制和业务理解需人类
服务流程,domain_knowledge,40,65,服务流程设计需人类体验洞察和组织协调
治理规则,domain_knowledge,35,70,治理规则制定需人类权威判断和共识建立
法律文书,domain_knowledge,60,45,法律文书AI辅助但专业判断和庭审策略需人类
活动策划,domain_knowledge,50,55,活动策划AI辅助但现场执行和临时判断需人类
渠道开发,domain_knowledge,20,85,渠道开发高度依赖人类关系资源和谈判
渠道投放,domain_knowledge,65,40,渠道投放AI工具成熟但投放组合策略需人类
渠道策略,domain_knowledge,30,75,渠道策略需人类对合作伙伴和市场的深度判断
渠道运营,domain_knowledge,50,55,渠道运营AI辅助但关系维护和激励设计需人类
生态策略,domain_knowledge,20,85,生态策略需人类深度关系和长期资源投入判断
用户心理学,domain_knowledge,40,70,用户心理洞察需人类共情和定性研究能力
知识产权,domain_knowledge,45,60,知识产权AI辅助检索但保护策略和判断需人类
社交媒体,domain_knowledge,65,40,社交内容AI生成强但运营策略和舆情判断需人类
第三方对接,domain_knowledge,55,50,API对接AI辅助但合作谈判和集成策略需人类
经营指标,domain_knowledge,50,55,指标分析AI辅助但业务解读和行动决策需人类
经销商管理,domain_knowledge,20,85,经销商管理高度依赖人类关系和激励机制
续约管理,domain_knowledge,30,75,续约谈判需人类关系和价值再确认
融资支持,domain_knowledge,20,85,融资需人类关系和信任积累
行业方案,domain_knowledge,50,60,行业方案AI辅助但深度定制和客户匹配需人类
行业洞察,domain_knowledge,35,70,行业洞察需人类深度经验和信息网络
行业知识,domain_knowledge,40,65,行业知识AI可检索但应用和判断需人类
行业研究,domain_knowledge,55,50,行业研究AI辅助但深度分析和结论需人类
行业资源,domain_knowledge,10,90,行业资源完全依赖人类长期关系积累
裂变机制,domain_knowledge,45,60,裂变机制设计需人类对用户心理的创意洞察
裂变活动,domain_knowledge,50,55,裂变活动AI辅助但执行协调和效果判断需人类
课程开发,domain_knowledge,50,55,课程内容AI辅助但教学设计和学员适配需人类
财务分析,domain_knowledge,60,50,财务分析AI工具成熟但深度洞察和决策建议需人类
财务报表,domain_knowledge,75,25,财务报表生成AI能力强接近数据录入类
财务知识,domain_knowledge,45,60,财务知识AI可检索但专业判断和风险评估需人类
资本运作,domain_knowledge,15,90,资本运作高度依赖人类关系判断和市场时机
金融知识,domain_knowledge,50,55,金融知识AI辅助但投资决策和风险判断需人类
销售策略,domain_knowledge,30,75,销售策略需人类关系洞察和客户深度理解
雇主品牌,domain_knowledge,40,65,雇主品牌建设需人类文化洞察和影响力
面试技巧,domain_knowledge,35,70,面试评估高度依赖人类判断力和情感智商
ARM,embedded_hardware,35,70,ARM架构开发需人类深度底层经验
C仿真,embedded_hardware,45,60,仿真脚本AI辅助但设计验证策略需人类
EMC,embedded_hardware,20,85,EMC设计高度专业测试和整改需人类经验不可替代
FPGA开发,embedded_hardware,20,85,FPGA开发极专业时序约束和逻辑设计AI辅助有限
LoRa,embedded_hardware,35,70,LoRa通信参数调优和网络规划需人类经验
MQTT,embedded_hardware,55,50,MQTT协议实现AI辅助但物联网系统设计需人类
PCB设计,embedded_hardware,25,80,PCB设计布局布线规则需人类深度经验
ROS,embedded_hardware,35,70,ROS机器人系统设计和传感器集成需人类
RTOS,embedded_hardware,30,75,实时操作系统调度和中断设计需人类深度经验
STM32,embedded_hardware,35,70,STM32外设开发和实时调试需人类经验积累
SystemVerilog,embedded_hardware,30,75,验证语言专业性强约束随机和断言设计需人类
UVM,embedded_hardware,25,80,UVM验证方法学极专业验证环境搭建需人类
Verilog,embedded_hardware,30,75,硬件描述语言AI辅助有限时序和综合需人类
传感器,embedded_hardware,30,75,传感器选型标定和融合应用需人类经验
信号完整性,embedded_hardware,20,85,信号完整性分析极专业仿真和整改需人类
单片机,embedded_hardware,35,70,单片机开发调试和驱动实现需人类经验
外设驱动,embedded_hardware,35,70,驱动开发需人类对硬件手册的深度解读
嵌入式Linux,embedded_hardware,30,75,嵌入式Linux裁剪和移植需人类深度经验
嵌入式系统,embedded_hardware,25,80,嵌入式系统设计需人类对硬件软件协同的全面判断
数字信号处理,embedded_hardware,35,70,DSP算法实现需人类数学和工程经验
无线通信,embedded_hardware,30,75,无线协议栈实现和射频调优需人类经验
电源设计,embedded_hardware,20,85,电源设计极专业效率和散热需人类经验不可替代
电路基础,embedded_hardware,40,65,电路分析AI辅助但设计选型和验证需人类
电路设计,embedded_hardware,25,80,电路设计需人类深度经验和工程判断
裸机开发,embedded_hardware,30,75,裸机开发需人类对底层寄存器的深度理解
通信协议,embedded_hardware,40,65,协议实现AI辅助但协议选型和自定义协议需人类
驱动开发,embedded_hardware,30,75,驱动开发需人类对内核机制的深度理解
验证方法学,embedded_hardware,25,80,验证方法学极专业覆盖率分析需人类
高速接口,embedded_hardware,25,80,高速接口设计需人类对信号和协议的深度经验
Actix-web,framework,55,50,Rust Web框架AI辅助但异步架构和性能设计需人类
Angular,framework,60,45,Angular代码AI辅助但模块化架构和状态设计需人类
Axios,framework,70,30,HTTP请求库AI几乎可完全替代典型工具类任务
CSS-in-JS,framework,65,40,CSS-in-JS AI辅助强但设计系统和主题策略需人类
Celery,framework,60,45,任务队列配置AI辅助但并发设计和错误处理需人类
Core Data,framework,50,55,iOS数据层AI辅助但数据模型和迁移策略需人类
Django,framework,60,45,Django代码AI辅助但业务逻辑和安全设计需人类
Dubbo,framework,50,55,Dubbo配置AI辅助但服务治理和负载策略需人类
Element UI,framework,70,30,UI组件使用AI几乎可完全替代
Express,framework,65,40,Express代码AI辅助强但业务逻辑和中间件设计需人类
Flutter,framework,60,45,Flutter代码AI辅助但UI设计和跨端体验决策需人类
Gin,framework,60,45,Gin框架代码AI辅助但服务架构和并发设计需人类
Jetpack,framework,55,50,Jetpack组件AI辅助但Android架构设计需人类
Laravel,framework,60,45,Laravel代码AI辅助但业务设计和安全配置需人类
MyBatis,framework,65,40,MyBatis SQL映射AI辅助强但复杂查询优化需人类
Next.js,framework,60,45,Next.js开发AI辅助但SSR策略和性能优化需人类
NgRx,framework,55,50,状态管理AI辅助但复杂应用状态设计需人类
React,framework,65,40,React代码AI辅助强但复杂状态和性能优化需人类
Redux,framework,60,45,Redux AI辅助但状态树设计和异步流需人类
RxJS,framework,55,50,响应式编程AI辅助但操作符组合设计需人类
Socket.io,framework,60,45,实时通信AI辅助但系统架构和断线重连策略需人类
Spring Boot,framework,60,45,Spring Boot AI辅助但微服务拆分和安全设计需人类
SwiftUI,framework,60,45,SwiftUI代码AI辅助但交互设计和动画逻辑需人类
Taro,framework,55,50,跨端框架AI辅助但平台差异适配需人类
Tokio,framework,50,55,Rust异步AI辅助但并发架构设计需人类
UIKit,framework,55,50,iOS UI框架AI辅助但交互体验设计需人类
Uni-app,framework,60,45,跨端框架AI辅助但业务设计和性能优化需人类
Vue,framework,65,40,Vue代码AI辅助强但组件架构和响应式设计需人类
Vuex,framework,60,45,Vuex状态管理AI辅助但状态设计和模块拆分需人类
Zepto,framework,70,30,轻量jQuery库AI几乎可完全替代
gRPC,framework,55,50,gRPC服务定义AI辅助但接口设计和版本管理需人类
微信小程序,framework,60,45,小程序开发AI辅助但业务设计和平台限制应对需人类
状态管理,framework,55,50,状态管理设计AI辅助但复杂应用架构需人类
产品战略,management,20,85,产品战略需人类洞察和市场判断
办公管理,management,50,50,办公管理AI辅助但协调和现场判断需人类
合规管理,management,35,70,合规管理需人类对法规和风险的专业判断
后勤支持,management,55,45,后勤AI辅助但现场协调和突发处理需人类
员工关系,management,15,90,员工关系高度依赖人类情感和信任
团队管理,management,10,90,团队管理需人类领导力（参考锚点）
培训体系,management,40,65,培训体系设计需人类对学员和业务的深度理解
培训运营,management,45,60,培训运营AI辅助但个性化指导和讲师管理需人类
成本控制,management,45,60,成本控制AI辅助但决策权衡和业务判断需人类
技术战略,management,15,90,技术战略需人类深度判断和资源整合
技术规划,management,20,85,技术规划需人类对业务目标和技术能力的洞察
技术预研,management,35,70,技术预研AI辅助但方向判断和可行性评估需人类
持续改进,management,30,75,持续改进需人类推动变革和组织文化建设
文化建设,management,10,95,文化建设完全依赖人类价值观塑造和领导示范
标准制定,management,30,75,标准制定需人类权威判断和利益方协调
流程管理,management,40,65,流程优化AI辅助但跨部门协调和推动需人类
生态构建,management,15,90,生态建设高度依赖人类关系网络
组织发展,management,15,90,组织发展需人类领导力和文化洞察
组织管理,management,10,90,组织管理高度依赖人类
绩效管理,management,30,75,绩效管理需人类对员工潜力和公平的判断
薪酬体系,management,40,65,薪酬设计AI辅助但激励机制和公平性决策需人类
讲师管理,management,25,80,讲师管理需人类关系和激励洞察
质量体系,management,35,70,质量体系建设需人类推动和组织协调
资产管理,management,50,55,资产管理AI辅助但投资决策和风险判断需人类
资源整合,management,20,85,资源整合需人类关系和判断
进度控制,management,40,65,进度管理AI辅助但协调和风险判断需人类
采购管理,management,40,65,采购管理AI辅助但供应商关系和谈判需人类
项目管理,management,30,75,项目管理需人类协调和风险判断
预算管理,management,50,55,预算管理AI辅助但战略分配和优先级需人类
风险管理,management,30,75,风险管理需人类对不确定性的深度判断
Android SDK,mobile,55,50,Android开发AI辅助但架构设计和兼容性处理需人类
平台通道,mobile,45,60,跨平台通道设计和原生插件开发需人类经验
移动端适配,mobile,60,45,移动适配AI辅助但设备兼容和体验决策需人类
UI系统,product_design,40,65,UI系统设计需人类对品牌和用户的创造性理解
UI组件,product_design,65,35,UI组件AI生成能力强但组件系统设计需人类
交互规范,product_design,40,65,交互规范制定需人类对用户心理的洞察
交互设计,product_design,45,65,交互设计AI辅助但创意和用户洞察需人类
产品设计,product_design,30,80,产品设计需人类洞察和创造力
信息架构,product_design,40,65,信息架构需人类对用户心智模型的深度理解
动效设计,product_design,55,50,动效AI辅助但体验决策和品牌一致性需人类
原型设计,product_design,60,45,原型AI辅助但设计思路和用户验证需人类
可用性测试,product_design,35,70,可用性测试需人类观察用户行为和洞察
响应式设计,product_design,60,40,响应式布局AI辅助强但体验决策需人类
用户体验,product_design,30,80,用户体验设计需人类共情和深度用户洞察
用户流程,product_design,45,65,用户流程设计需人类对业务和用户的深度理解
用户研究,product_design,30,80,用户研究需人类洞察和定性分析能力
用户访谈,product_design,20,85,用户访谈高度依赖人类共情和引导能力
组件库,product_design,65,40,组件库AI辅助强但设计系统决策需人类
观察法,product_design,20,85,观察法完全依赖人类洞察
设计思维,product_design,25,85,设计思维需人类创造力和共情
设计规范,product_design,55,50,设计规范AI辅助但标准制定和推动需人类
问卷设计,product_design,60,45,问卷设计AI辅助但研究假设和洞察需人类
需求分析,product_design,35,70,需求分析需人类对业务目标和用户痛点的深度理解
需求文档,product_design,70,30,需求文档AI生成能力强但核心需求定义需人类
API设计,programming,50,55,API设计AI辅助但架构一致性和扩展性需人类
C#,programming,60,45,C#代码AI辅助强但复杂业务逻辑和架构需人类
C++,programming,45,55,C++复杂度高内存管理和性能设计AI辅助有限
C/C++,programming,45,55,C/C++底层开发AI辅助有限系统级设计需人类
CSS,programming,70,30,CSS样式AI辅助强设计系统决策仍需人类
CSS3,programming,70,30,CSS3动画AI辅助强但体验决策需人类
C语言,programming,50,55,C语言AI辅助但系统级编程和指针管理需人类
Dart,programming,60,45,Dart代码AI辅助但Flutter架构设计需人类
Go,programming,60,45,Go代码AI辅助但并发设计和微服务架构需人类
Go/Python,programming,58,47,双语言AI辅助但多语言架构决策需人类
HTML5,programming,75,25,HTML标记AI几乎可完全生成
Java,programming,60,45,Java代码AI辅助但复杂业务设计和性能优化需人类
JavaScript,programming,65,40,JS代码AI辅助强但复杂异步和状态设计需人类
Kotlin,programming,60,45,Kotlin代码AI辅助但Android架构设计需人类
Lua,programming,55,50,Lua脚本AI辅助但游戏逻辑和性能优化需人类
Node.js,programming,65,40,Node.js代码AI辅助强但异步架构和性能需人类
Node.js/Python,programming,62,42,双语言AI辅助强但多技术栈架构需人类
Objective-C,programming,55,50,OC代码AI辅助但老代码维护和架构重构需人类
PHP,programming,65,38,PHP代码AI辅助强但安全设计和业务架构需人类
Python,programming,60,45,Python AI辅助强但复杂业务逻辑仍需人类（参考锚点）
Python/Java,programming,58,47,双语言AI辅助强但跨语言系统设计需人类
R,programming,60,45,R统计分析AI辅助但研究设计和洞察需人类
RESTful API,programming,60,45,RESTful API设计AI辅助但接口规范和版本管理需人类
Rust,programming,45,60,Rust内存安全复杂AI辅助有限生命周期设计需人类
SQL,programming,70,35,SQL查询AI能力强Text2SQL工具成熟
STL,programming,55,50,STL使用AI辅助但算法选型和性能优化需人类
Shell,programming,65,40,Shell脚本AI辅助强但复杂系统自动化设计需人类
Socket编程,programming,45,60,Socket编程AI辅助但协议设计和并发处理需人类
Swift,programming,60,45,Swift代码AI辅助但iOS架构设计需人类
TCP/IP,programming,40,65,TCP/IP协议需人类深度理解性能调优和排查
TypeScript,programming,65,40,TS代码AI辅助强但类型系统设计和泛型需人类
代码审查,programming,55,55,代码审查AI辅助但架构判断和业务逻辑理解需人类
性能优化,programming,40,65,性能优化需人类对系统全局的深度诊断
系统设计,programming,25,80,系统设计需人类深度判断
脚本编写,programming,75,25,脚本编写AI能力强
脚本语言,programming,70,30,脚本语言AI辅助强
Web安全,security,40,65,Web安全需人类攻防经验和漏洞感知
代码审计,security,45,65,代码审计AI辅助但复杂逻辑漏洞判断需人类
合规审查,security,40,65,合规审查需人类对法规和风险的专业判断
安全,security,30,75,安全整体需人类深度判断和经验积累
数据安全,security,35,70,数据安全策略需人类对合规和业务的综合判断
渗透测试,security,40,65,渗透测试AI辅助但创意攻击路径设计需人类
漏洞扫描,security,60,45,漏洞扫描AI工具成熟但修复优先级和策略需人类
逆向,security,30,75,逆向工程需人类深度经验和创造性分析
防火墙,security,50,55,防火墙配置AI辅助但安全策略设计需人类
会议组织,soft_skill,45,60,会议AI辅助准备但组织协调和现场掌控需人类
商业思维,soft_skill,20,85,商业思维高度依赖人类洞察和经验积累
商业洞察,soft_skill,20,85,商业洞察高度依赖人类经验和网络
商务谈判,soft_skill,10,90,谈判高度依赖人类关系判断和情感智商
技术交流,soft_skill,35,70,技术交流需人类理解力和表达能力
投诉处理,soft_skill,25,80,投诉处理需人类情感智商和判断力
沟通协调,soft_skill,15,90,沟通协调高度依赖人类
知识分享,soft_skill,40,65,知识分享AI辅助但洞察和互动需人类
资源协调,soft_skill,20,85,资源协调需人类关系和判断
跨部门协作,soft_skill,15,90,跨部门协作高度依赖人类信任和协调
JMeter,testing,60,45,性能测试工具AI辅助但测试方案设计需人类
Jasmine,testing,65,40,单元测试框架AI辅助强但测试策略需人类
LoadRunner,testing,55,50,性能测试AI辅助但场景设计和分析需人类
Selenium,testing,60,45,UI自动化AI辅助但测试用例设计需人类
UI自动化,testing,60,45,UI自动化AI辅助但测试覆盖策略需人类
功能测试,testing,55,50,功能测试AI辅助但用例设计和边界判断需人类
性能测试,testing,50,55,性能测试AI辅助但场景设计和瓶颈分析需人类
接口测试,testing,65,40,接口测试AI辅助强但业务场景覆盖需人类
接口自动化,testing,65,40,接口自动化AI辅助强但维护策略需人类
测试用例设计,testing,50,55,测试用例设计需人类对业务边界的深度理解
缺陷管理,testing,55,50,缺陷管理AI辅助但优先级判断和复现分析需人类
质量工具,testing,55,50,质量工具AI辅助但质量体系策略需人类
Altium,tool,30,75,Altium PCB设计工具专业性强布线规则需人类
Axure,tool,65,40,原型工具AI辅助但设计逻辑和交互设计需人类
CRM,tool,55,50,CRM使用AI辅助但客户策略和关系管理需人类
CocoaPods,tool,65,35,包管理工具AI几乎可完全替代
Composer,tool,65,35,PHP包管理AI几乎可完全替代
ETL工具,tool,65,40,ETL工具AI辅助但数据规则设计需人类
Excel,tool,75,25,Excel操作AI辅助强分析洞察仍需人类
Figma,tool,55,50,Figma AI辅助但设计决策和用户洞察需人类
Gradle,tool,65,35,构建工具配置AI辅助强
HR系统,tool,55,50,HR系统使用AI辅助但人才决策需人类
Kettle,tool,60,45,ETL工具AI辅助但复杂数据转换设计需人类
Modelsim,tool,35,70,仿真工具专业性强波形分析和调试需人类
PPT,tool,70,30,PPT制作AI能力强但叙事框架和演讲洞察需人类
PS,tool,55,50,图像处理AI辅助但创意设计和审美决策需人类
ProtoPie,tool,60,45,交互原型AI辅助但体验设计决策需人类
Shader,tool,40,65,Shader编写AI辅助有限创意视觉效果需人类
Sketch,tool,60,45,设计工具AI辅助但设计决策和用户洞察需人类
UML,tool,55,50,UML图AI辅助但系统设计和建模决策需人类
Unity,tool,45,60,Unity开发AI辅助但游戏设计和体验需人类创意
Vite,tool,65,35,构建工具配置AI辅助强
Webpack,tool,60,45,Webpack配置AI辅助但性能优化策略需人类
Zabbix,tool,60,45,监控配置AI辅助但告警策略需人类
动画系统,tool,40,65,动画系统设计需人类对游戏体验的创意理解
学习平台,tool,50,55,学习平台运营AI辅助但内容策略和用户激励需人类
安全工具,tool,55,50,安全工具使用AI辅助但攻防判断需人类
游戏引擎,tool,40,65,游戏引擎使用需人类创意和游戏设计
物理引擎,tool,45,60,物理引擎调参需人类对游戏手感的经验判断